student_id,student_name,gender,date_of_birth,academic_year,disability_flag,annual_family_income,parental_education,first_generation_student,urban_rural,admission_type,institution_code
S001-24,Aarav Sharma,MALE,21-11-2003,2023-2024,0,259805,none,0,URBAN,RESERVATION,INST01
S002-25,Aarav Verma,female,14-05-2001,2024-2025,0,1899189,graduate,1,URBAN,merit,INST02
S003-24,Aarav Patel,FEMALE,12-08-2002,2023-2024,1,3903935,primary,0,Rural,merit,INST02
S004-24,Aarav Iyer,Female,12-08-2002,2023-2024,0,3155303,PRIMARY,1,Rural,RESERVATION,INST02
S005-24,Aarav Reddy,female,12-08-2002,2023-2024,1,1971394,primary,1,URBAN,merit,INST02
S006-25,Aarav Singh,male,21-11-2003,2024-2025,0,3086646,Primary,1,urban,Management,INST01
S007-24,Aarav Singh,FEMALE,14-05-2001,2023-2024,0,4554433,GRADUATE,1,urban,RESERVATION,INST01
S008-24,Aarav Mehta,male,21-11-2003,2023-2024,1,3186616,SECONDARY,0,URBAN,Management,INST01
S009-24,Aarav Nair,MALE,14-05-2001,2023-2024,1,4036957,Primary,0,Rural,management,INST01
S010-24,Aarav Khan,male,14-05-2001,2023-2024,0,1934897,none,0,urban,MERIT,INST02
S011-24,Aarav Malhotra,FEMALE,14-05-2001,2023-2024,1,4573422,PRIMARY,1,rural,RESERVATION,INST01
S012-24,Aarav Bansal,MALE,12-08-2002,2023-2024,1,3427432,primary,0,Urban,RESERVATION,INST01
S013-24,Aarav Chopra,Female,12-08-2002,2023-2024,0,2032894,Primary,1,RURAL,Reservation,INST02
S014-24,Aarav Agarwal,male,12-08-2002,2023-2024,1,1642978,NONE,1,URBAN,RESERVATION,INST01
S015-24,Aarav Kulkarni,Male,12-08-2002,2023-2024,0,620097,none,1,RURAL,reservation,INST01
S016-25,Aarav Joshi,MALE,21-11-2003,2024-2025,0,3885477,none,0,Rural,MANAGEMENT,INST02
S017-25,Aarav Das,female,12-08-2002,2024-2025,0,4487076,SECONDARY,0,URBAN,RESERVATION,INST02
S018-24,Aarav Roy,Female,21-11-2003,2023-2024,1,2264457,SECONDARY,1,urban,Reservation,INST01
S019-24,Aarav Ghosh,Male,14-05-2001,2023-2024,0,681191,GRADUATE,1,Rural,merit,INST01
S020-24,Aarav Banerjee,Female,21-11-2003,2023-2024,0,3016871,Primary,1,URBAN,management,INST01
S021-25,Aarav Mukherjee,male,14-05-2001,2024-2025,0,1385448,primary,1,URBAN,RESERVATION,INST02
S022-25,Aarav Chatterjee,female,21-11-2003,2024-2025,1,632343,NONE,1,Urban,MERIT,INST02
S023-25,Aarav Saxena,male,14-05-2001,2024-2025,0,2681316,GRADUATE,0,Rural,Management,INST01
S024-25,Aarav Tripathi,Female,21-11-2003,2024-2025,0,4304051,Primary,0,Rural,MANAGEMENT,INST02
S025-25,Aarav Tiwari,Male,14-05-2001,2024-2025,0,3950603,NONE,1,Urban,Reservation,INST01
S026-24,Aarav Tiwari,Female,21-11-2003,2023-2024,1,437668,primary,1,URBAN,RESERVATION,INST01
S027-25,Aarav Pandey,FEMALE,21-11-2003,2024-2025,0,1885772,GRADUATE,1,Rural,Reservation,INST02
S028-25,Jane Doe,Female,12-08-2002,2024-2025,1,1385113,graduate,0,RURAL,management,INST01
S029-24,Aarav Jain,male,12-08-2002,2023-2024,1,1989961,graduate,1,rural,RESERVATION,INST02
S030-25,Aarav Kohli,Female,12-08-2002,2024-2025,1,99459,primary,1,Urban,Management,INST01
S031-24,Jane Doe,MALE,21-11-2003,2023-2024,0,3355281,GRADUATE,1,rural,management,INST02
S032-25,Riya Verma,male,21-11-2003,2024-2025,0,737079,None,0,urban,management,INST01
S033-25,Jane Doe,Male,21-11-2003,2024-2025,0,2199527,primary,0,Rural,Management,INST01
S034-24,Riya Iyer,Female,21-11-2003,2023-2024,0,904810,Secondary,0,RURAL,management,INST02
S035-25,Riya Reddy,Female,21-11-2003,2024-2025,1,1333382,Graduate,1,Rural,MERIT,INST02
S036-24,Riya Singh,female,14-05-2001,2023-2024,0,,GRADUATE,1,RURAL,reservation,INST01
S037-24,Riya Gupta,Female,12-08-2002,2023-2024,1,,graduate,1,urban,reservation,INST02
S038-25,Riya Mehta,FEMALE,21-11-2003,2024-2025,0,,none,0,URBAN,MANAGEMENT,INST02
S039-24,Riya Nair,,12-08-2002,2023-2024,0,,SECONDARY,0,rural,MANAGEMENT,INST01
S040-25,Riya Khan,,14-05-2001,2024-2025,1,,GRADUATE,0,rural,RESERVATION,INST01
S041-25,Riya Malhotra,,12-08-2002,2024-2025,0,,graduate,1,rural,RESERVATION,INST01
S042-24,Riya Bansal,,14-05-2001,2023-2024,0,,PRIMARY,1,RURAL,MERIT,INST02
S043-25,Riya Chopra,,12-08-2002,2024-2025,0,,GRADUATE,0,Urban,MERIT,INST02
S044-25,Riya Agarwal,Female,21-11-2003,2024-2025,1,3733886,GRADUATE,0,Rural,MERIT,INST01
S045-25,Riya Kulkarni,Male,14-05-2001,2024-2025,1,4883910,primary,1,urban,Management,INST02
S046-25,Riya Joshi,female,14-05-2001,2024-2025,0,4206295,SECONDARY,0,Rural,merit,INST02
S047-24,Riya Das,Female,14-05-2001,2023-2024,1,1623556,primary,1,URBAN,reservation,INST01
S048-25,Riya Roy,FEMALE,12-08-2002,2024-2025,0,4670772,Graduate,0,rural,RESERVATION,INST02
S049-25,Riya Ghosh,Male,14-05-2001,2024-2025,0,2094563,NONE,1,rural,MERIT,INST02
S050-25,Riya Banerjee,female,12-08-2002,2024-2025,1,1296508,Graduate,0,RURAL,MANAGEMENT,INST02
S051-25,Riya Mukherjee,male,14-05-2001,2024-2025,1,3288663,none,1,urban,reservation,INST02
S052-25,Riya Chatterjee,Female,21-11-2003,2024-2025,1,3384331,graduate,0,Urban,merit,INST01
S053-24,Riya Saxena,female,12-08-2002,2023-2024,0,3771845,secondary,0,Rural,MERIT,INST02
S054-24,Riya Tripathi,MALE,21-11-2003,2023-2024,1,4224735,GRADUATE,0,Rural,MERIT,INST02
S055-25,Riya Tiwari,female,12-08-2002,2024-2025,1,3609361,NONE,1,rural,reservation,INST01
S056-25,Riya Mishra,male,21-11-2003,2024-2025,0,2450770,Secondary,0,Urban,management,INST02
S057-24,Riya Pandey,female,14-05-2001,2023-2024,1,806093,secondary,1,rural,merit,INST01
S058-25,Riya Yadav,FEMALE,12-08-2002,2024-2025,0,4725077,Graduate,1,Rural,merit,INST02
S059-24,Riya Jain,female,14-05-2001,2023-2024,0,580302,PRIMARY,0,rural,merit,INST02
S060-25,Riya Kohli,Male,14-05-2001,2024-2025,1,4581463,graduate,1,Urban,MANAGEMENT,INST02
S061-25,Kabir Sharma,Male,21-11-2003,2024-2025,1,557930,None,0,urban,merit,INST01
S062-24,Kabir Verma,male,12-08-2002,2023-2024,0,2004534,Primary,0,URBAN,management,INST02
S063-24,Kabir Patel,male,12-08-2002,2023-2024,0,1511683,graduate,0,Rural,Merit,INST02
S064-25,Kabir Iyer,female,21-11-2003,2024-2025,1,311310,GRADUATE,0,rural,management,INST02
S065-25,Kabir Reddy,FEMALE,12-08-2002,2024-2025,0,4500633,Primary,1,rural,RESERVATION,INST02
S066-25,Kabir Singh,male,14-05-2001,2024-2025,0,2188170,None,1,urban,Reservation,INST02
S067-25,Kabir Gupta,Male,14-05-2001,2024-2025,,3597851,PRIMARY,1,urban,Reservation,INST01
S068-25,Kabir Mehta,Male,12-08-2002,2024-2025,,4755721,NONE,1,rural,merit,INST01
S069-24,Kabir Nair,male,12-08-2002,2023-2024,,819719,Secondary,0,URBAN,RESERVATION,INST01
S070-25,Kabir Khan,female,12-08-2002,2024-2025,,3767101,secondary,1,RURAL,management,INST01
S071-25,Kabir Malhotra,FEMALE,21-11-2003,2024-2025,,1821959,graduate,1,Urban,MANAGEMENT,INST01
S072-25,Kabir Bansal,male,21-11-2003,2024-2025,,207215,GRADUATE,1,urban,Reservation,INST02
S073-24,Kabir Chopra,male,21-11-2003,2023-2024,,3713403,secondary,0,urban,RESERVATION,INST02
S074-25,Kabir Agarwal,MALE,14-05-2001,2024-2025,,1288912,NONE,1,Rural,Management,INST02
S075-25,Kabir Kulkarni,female,12-08-2002,2024-2025,,1316322,secondary,1,,MANAGEMENT,INST01
S076-25,Kabir Joshi,,12-08-2002,2024-2025,,3931506,secondary,0,,management,INST01
S077-24,Kabir Das,,14-05-2001,2023-2024,,2128224,Secondary,0,,merit,INST02
S078-24,Kabir Roy,,14-05-2001,2023-2024,,2846443,Primary,1,,Merit,INST01
S079-25,Kabir Ghosh,Female,14-05-2001,2024-2025,,4315510,PRIMARY,0,,merit,INST01
S080-25,Kabir Banerjee,MALE,21-11-2003,2024-2025,,1149319,GRADUATE,1,,reservation,INST01
S081-25,Kabir Mukherjee,Male,14-05-2001,2024-2025,,3984388,secondary,1,,merit,INST02
S082-25,Kabir Chatterjee,MALE,21-11-2003,2024-2025,,4701824,secondary,1,,Management,INST02
S083-24,Kabir Saxena,male,14-05-2001,2023-2024,,3375696,Secondary,1,,management,INST01
S084-25,Kabir Tripathi,MALE,14-05-2001,2024-2025,,3813141,GRADUATE,1,urban,Management,INST01
S085-24,Kabir Tiwari,male,21-11-2003,2023-2024,,4242871,Secondary,0,RURAL,RESERVATION,INST02
S086-24,Kabir Mishra,male,21-11-2003,2023-2024,,4462906,SECONDARY,0,rural,reservation,INST02
S087-24,Kabir Pandey,female,12-08-2002,2023-2024,,421914,Graduate,0,RURAL,MERIT,INST01
S088-24,Kabir Yadav,female,21-11-2003,2023-2024,,2697409,PRIMARY,0,RURAL,management,INST02
S089-25,Kabir Jain,female,12-08-2002,2024-2025,,2894045,none,0,rural,RESERVATION,INST02
S090-25,Jane Doe,Female,14-05-2001,2024-2025,,1447917,GRADUATE,0,urban,Reservation,INST01
S091-24,Ananya Sharma,MALE,21-11-2003,2023-2024,,3725660,secondary,0,rural,merit,INST02
S092-25,Ananya Verma,MALE,21-11-2003,2024-2025,,2387819,graduate,1,RURAL,RESERVATION,INST02
S093-24,Ananya Patel,Male,14-05-2001,2023-2024,,1078757,Secondary,1,Rural,Reservation,INST01
S094-24,Ananya Iyer,male,21-11-2003,2023-2024,,1735945,graduate,0,Urban,reservation,INST02
S095-24,Jane Doe,Male,21-11-2003,2023-2024,,1101317,primary,0,urban,Merit,INST02
S096-25,Jane Doe,FEMALE,14-05-2001,2024-2025,,711524,primary,0,rural,MERIT,INST02
S097-24,Ananya Gupta,Male,12-08-2002,2023-2024,,4849434,GRADUATE,1,Rural,merit,INST01
S098-25,Ananya Mehta,Female,12-08-2002,2024-2025,,1255180,primary,0,RURAL,MERIT,INST01
S099-24,Ananya Nair,female,14-05-2001,2023-2024,,862115,Secondary,0,urban,management,INST01
S100-25,Ananya Khan,MALE,14-05-2001,2024-2025,,4289975,NONE,1,Rural,MANAGEMENT,INST02
S101-25,Ananya Malhotra,FEMALE,21-11-2003,2024-2025,,3432740,secondary,1,Rural,RESERVATION,INST01
S102-25,Ananya Bansal,female,12-08-2002,2024-2025,,3180614,graduate,0,rural,merit,INST02
S103-25,Ananya Chopra,female,21-11-2003,2024-2025,,1413165,secondary,1,urban,Reservation,INST02
S104-25,Ananya Agarwal,male,12-08-2002,2024-2025,,4902594,primary,0,URBAN,management,INST01
S105-25,Jane Doe,Female,12-08-2002,2024-2025,,4259567,Primary,1,rural,reservation,INST02
S106-25,Ananya Joshi,female,12-08-2002,2024-2025,,1662828,Secondary,1,rural,RESERVATION,INST01
S107-25,Ananya Das,MALE,14-05-2001,2024-2025,,3359578,Secondary,1,URBAN,RESERVATION,INST02
S108-24,Ananya Roy,MALE,12-08-2002,2023-2024,,966258,PRIMARY,1,rural,MERIT,INST01
S109-25,Ananya Ghosh,male,12-08-2002,2024-2025,,4040457,none,0,Urban,merit,INST02
S110-24,Ananya Banerjee,MALE,21-11-2003,2023-2024,,2478224,SECONDARY,1,urban,merit,INST02
S111-25,Ananya Mukherjee,female,12-08-2002,2024-2025,,1611951,Primary,1,rural,RESERVATION,INST01
S112-25,Ananya Chatterjee,MALE,21-11-2003,2024-2025,,2764567,secondary,0,Rural,merit,INST01
S113-25,Ananya Saxena,Female,21-11-2003,2024-2025,,4265447,secondary,0,RURAL,reservation,INST02
S114-24,Ananya Tripathi,male,21-11-2003,2023-2024,,2125890,NONE,0,URBAN,Reservation,INST02
S115-24,Jane Doe,,14-05-2001,2023-2024,,4331338,graduate,0,RURAL,merit,INST01
S116-25,Ananya Mishra,,12-08-2002,2024-2025,,2940117,NONE,0,Urban,reservation,INST02
S117-25,Ananya Pandey,,14-05-2001,2024-2025,,3216668,primary,0,urban,reservation,INST01
S118-24,Ananya Yadav,,21-11-2003,2023-2024,,3914004,none,0,URBAN,merit,INST01
S119-24,Ananya Jain,Male,21-11-2003,2023-2024,,421084,primary,1,RURAL,merit,INST02
S120-25,Ananya Kohli,male,12-08-2002,2024-2025,,2358158,Secondary,1,rural,merit,INST01
S121-25,Rohan Sharma,Male,14-05-2001,2024-2025,,1260910,GRADUATE,0,Rural,MANAGEMENT,INST01
S122-24,Rohan Verma,male,21-11-2003,2023-2024,,2302019,GRADUATE,1,rural,merit,INST02
S123-24,Rohan Patel,Male,14-05-2001,2023-2024,,1765580,secondary,1,RURAL,Reservation,INST01
S124-25,Rohan Iyer,male,14-05-2001,2024-2025,,2674980,SECONDARY,1,Urban,Management,INST02
S125-25,Rohan Reddy,Female,14-05-2001,2024-2025,,4148850,primary,0,urban,RESERVATION,INST01
S126-25,Rohan Singh,MALE,14-05-2001,2024-2025,,1203362,primary,1,,reservation,INST02
S127-25,Rohan Gupta,Female,12-08-2002,2024-2025,,193802,PRIMARY,1,,MANAGEMENT,INST02
S128-25,Rohan Mehta,MALE,14-05-2001,2024-2025,,4789581,NONE,1,,merit,INST02
S129-25,Rohan Nair,Male,14-05-2001,2024-2025,,4796749,GRADUATE,0,,MERIT,INST02
S130-24,Rohan Khan,female,12-08-2002,2023-2024,,1787768,graduate,1,,Merit,INST01
S131-24,Rohan Malhotra,Male,12-08-2002,2023-2024,,3716562,SECONDARY,1,,Management,INST02
S132-24,Rohan Bansal,MALE,12-08-2002,2023-2024,,2527822,primary,0,,Management,INST01
S133-24,Rohan Chopra,female,14-05-2001,2023-2024,,782302,none,1,,management,INST01
S134-24,Rohan Agarwal,female,21-11-2003,2023-2024,,3243811,GRADUATE,1,,merit,INST01
S135-25,Rohan Kulkarni,male,12-08-2002,2024-2025,,947349,secondary,0,,merit,INST02
S136-25,Rohan Joshi,Female,14-05-2001,2024-2025,,2494844,secondary,0,,reservation,INST02
S137-24,Rohan Das,Male,21-11-2003,2023-2024,,3728026,primary,0,,reservation,INST02
S138-24,Rohan Roy,MALE,14-05-2001,2023-2024,,3065951,primary,1,rural,MERIT,INST01
S139-24,Rohan Ghosh,female,12-08-2002,2023-2024,,3789461,secondary,1,rural,RESERVATION,INST02
S140-25,Rohan Banerjee,female,12-08-2002,2024-2025,,3869606,SECONDARY,0,URBAN,Management,INST01
S141-24,Rohan Mukherjee,male,14-05-2001,2023-2024,,4378470,graduate,1,RURAL,reservation,INST02
S142-25,Rohan Chatterjee,MALE,12-08-2002,2024-2025,,87329,none,1,RURAL,MERIT,INST02
S143-25,Jane Doe,Male,21-11-2003,2024-2025,,3310142,secondary,0,RURAL,MANAGEMENT,INST02
S144-24,Rohan Tripathi,male,12-08-2002,2023-2024,,4335109,primary,1,Rural,merit,INST02
S145-25,Rohan Tiwari,female,21-11-2003,2024-2025,,3482067,none,0,RURAL,MANAGEMENT,INST02
S146-25,Rohan Mishra,MALE,12-08-2002,2024-2025,,4661437,none,0,RURAL,reservation,INST01
S147-25,Rohan Pandey,Male,14-05-2001,2024-2025,0,2254653,primary,1,RURAL,Merit,INST01
S148-25,Rohan Yadav,Male,12-08-2002,2024-2025,1,4515094,NONE,1,Urban,merit,INST01
S149-25,Rohan Jain,female,21-11-2003,2024-2025,1,2126639,Graduate,0,rural,management,INST01
S150-24,Rohan Kohli,Female,12-08-2002,2023-2024,0,3895751,graduate,1,rural,Reservation,INST01
S151-24,Isha Sharma,FEMALE,14-05-2001,2023-2024,0,885293,Graduate,1,Urban,Reservation,INST02
S152-24,Isha Verma,Female,12-08-2002,2023-2024,1,3073551,Secondary,1,urban,MANAGEMENT,INST01
S153-25,Isha Patel,Female,12-08-2002,2024-2025,0,127904,GRADUATE,1,urban,management,INST02
S154-24,Isha Iyer,male,14-05-2001,2023-2024,0,1248338,Primary,1,URBAN,MERIT,INST01
S155-25,Isha Reddy,female,14-05-2001,2024-2025,0,2998894,Primary,1,Urban,MANAGEMENT,INST01
S156-25,Isha Singh,male,12-08-2002,2024-2025,0,2529186,None,0,rural,management,INST02
S157-24,Isha Gupta,,21-11-2003,2023-2024,0,190000,Graduate,1,rural,reservation,INST01
S158-25,Isha Mehta,,12-08-2002,2024-2025,1,712880,none,0,URBAN,MANAGEMENT,INST01
S159-25,Isha Nair,,21-11-2003,2024-2025,1,1523424,SECONDARY,0,rural,merit,INST01
S160-25,Jane Doe,,21-11-2003,2024-2025,0,4887304,SECONDARY,0,URBAN,RESERVATION,INST01
S161-24,Isha Malhotra,female,21-11-2003,2023-2024,0,435721,GRADUATE,0,rural,merit,INST01
S162-24,Isha Bansal,male,14-05-2001,2023-2024,1,1922211,secondary,0,RURAL,Reservation,INST01
S163-25,Isha Chopra,Female,14-05-2001,2024-2025,0,3139303,PRIMARY,1,URBAN,Management,INST01
S164-25,Jane Doe,Female,21-11-2003,2024-2025,0,62264,Primary,0,RURAL,merit,INST02
S165-25,Isha Kulkarni,male,14-05-2001,2024-2025,0,762213,graduate,1,Rural,Management,INST02
S166-25,Isha Joshi,MALE,14-05-2001,2024-2025,0,2331331,PRIMARY,1,rural,management,INST02
S167-25,Isha Das,MALE,14-05-2001,2024-2025,1,2273047,NONE,1,URBAN,merit,INST01
S168-25,Isha Roy,MALE,14-05-2001,2024-2025,1,2232437,PRIMARY,0,URBAN,Merit,INST01
S169-24,Isha Ghosh,male,14-05-2001,2023-2024,0,3410323,none,1,URBAN,MANAGEMENT,INST02
S170-24,Isha Banerjee,female,12-08-2002,2023-2024,1,1459195,GRADUATE,0,URBAN,management,INST01
S171-25,Isha Mukherjee,FEMALE,14-05-2001,2024-2025,1,4235006,Primary,0,Urban,Management,INST02
S172-25,Isha Chatterjee,male,14-05-2001,2024-2025,1,3307978,none,1,urban,RESERVATION,INST01
S173-24,Isha Saxena,Female,21-11-2003,2023-2024,0,4879255,PRIMARY,1,rural,reservation,INST01
S174-24,Isha Tripathi,male,14-05-2001,2023-2024,0,4179097,none,0,urban,MANAGEMENT,INST01
S175-24,Isha Tiwari,female,14-05-2001,2023-2024,1,980469,none,0,Rural,Reservation,INST02
S176-24,Isha Mishra,Female,14-05-2001,2023-2024,0,4990471,None,1,URBAN,Management,INST01
S177-24,Isha Pandey,MALE,12-08-2002,2023-2024,0,4212301,None,1,RURAL,MERIT,INST01
S178-25,Isha Yadav,MALE,12-08-2002,2024-2025,1,2203002,primary,1,rural,management,INST01
S179-24,Isha Jain,MALE,14-05-2001,2023-2024,1,3835673,NONE,0,RURAL,Merit,INST01
S180-25,Isha Kohli,female,14-05-2001,2024-2025,1,4099489,PRIMARY,1,urban,Reservation,INST02
S181-25,Arjun Sharma,male,14-05-2001,2024-2025,0,2544777,none,1,RURAL,MERIT,INST02
S182-24,Arjun Verma,female,21-11-2003,2023-2024,1,4022598,none,1,rural,management,INST02
S183-24,Arjun Patel,MALE,21-11-2003,2023-2024,1,1317775,Primary,1,rural,MANAGEMENT,INST01
S184-24,Arjun Iyer,FEMALE,21-11-2003,2023-2024,0,1058997,PRIMARY,1,urban,RESERVATION,INST02
S185-25,Arjun Reddy,Female,14-05-2001,2024-2025,1,612137,None,1,urban,Reservation,INST01
S186-24,Arjun Singh,Female,14-05-2001,2023-2024,1,4770133,secondary,1,URBAN,MANAGEMENT,INST02
S187-24,Arjun Gupta,female,12-08-2002,2023-2024,1,3370150,SECONDARY,1,RURAL,Management,INST01
S188-24,Arjun Mehta,female,21-11-2003,2023-2024,1,2570612,NONE,0,Rural,management,INST01
S189-24,Arjun Nair,FEMALE,12-08-2002,2023-2024,0,2659889,PRIMARY,0,URBAN,MANAGEMENT,INST02
S190-24,Arjun Khan,Female,14-05-2001,2023-2024,0,2348289,primary,0,rural,merit,INST01
S191-25,Arjun Malhotra,Male,21-11-2003,2024-2025,0,280271,primary,1,Urban,RESERVATION,INST01
S192-24,Arjun Bansal,Female,14-05-2001,2023-2024,1,120998,graduate,0,rural,reservation,INST02
S193-25,Arjun Chopra,FEMALE,12-08-2002,2024-2025,1,2553797,SECONDARY,1,URBAN,Merit,INST02
S194-25,Arjun Agarwal,female,21-11-2003,2024-2025,1,1223813,graduate,0,rural,reservation,INST02
S195-25,Arjun Kulkarni,MALE,14-05-2001,2024-2025,0,1475951,secondary,0,rural,merit,INST02
S196-25,Arjun Joshi,female,21-11-2003,2024-2025,0,2235729,graduate,1,Rural,MERIT,INST01
S197-25,Arjun Das,FEMALE,14-05-2001,2024-2025,0,3482549,None,0,rural,MANAGEMENT,INST01
S198-24,Arjun Roy,MALE,21-11-2003,2023-2024,1,4156870,graduate,0,Urban,Merit,INST01
S199-24,Arjun Ghosh,MALE,21-11-2003,2023-2024,1,84593,SECONDARY,1,RURAL,MERIT,INST02
S200-25,Arjun Banerjee,Female,21-11-2003,2024-2025,1,4414495,graduate,1,URBAN,reservation,INST01
S201-24,Arjun Mukherjee,Male,12-08-2002,2023-2024,0,1083157,None,0,urban,MANAGEMENT,INST02
S202-25,Arjun Chatterjee,Male,14-05-2001,2024-2025,1,1334523,Primary,0,RURAL,Merit,INST02
S203-24,Arjun Saxena,,12-08-2002,2023-2024,1,3052465,primary,0,URBAN,Merit,INST02
S204-24,Jane Doe,,14-05-2001,2023-2024,0,805668,graduate,1,URBAN,Merit,INST02
S205-25,Arjun Tiwari,,21-11-2003,2024-2025,0,3623506,Primary,1,urban,Merit,INST02
S206-25,Arjun Mishra,,12-08-2002,2024-2025,0,4061809,PRIMARY,1,RURAL,Management,INST01
S207-25,Arjun Pandey,,12-08-2002,2024-2025,1,4144670,None,0,Rural,RESERVATION,INST01
S208-25,Arjun Yadav,FEMALE,14-05-2001,2024-2025,0,2950356,none,1,rural,management,INST02
S209-24,Arjun Jain,female,14-05-2001,2023-2024,1,4302431,GRADUATE,1,Rural,reservation,INST02
S210-24,Arjun Kohli,Male,21-11-2003,2023-2024,1,4723553,primary,1,Rural,Management,INST02
S211-25,Meera Sharma,MALE,14-05-2001,2024-2025,1,3846117,secondary,0,RURAL,reservation,INST02
S212-24,Meera Verma,FEMALE,14-05-2001,2023-2024,0,1623228,SECONDARY,1,Urban,RESERVATION,INST02
S213-25,Meera Patel,male,14-05-2001,2024-2025,0,4993542,graduate,0,urban,Management,INST02
S214-25,Meera Iyer,MALE,21-11-2003,2024-2025,1,3562014,secondary,1,rural,Management,INST01
S215-24,Meera Reddy,Female,12-08-2002,2023-2024,0,1809197,Secondary,1,Rural,RESERVATION,INST02
S216-24,Meera Singh,FEMALE,21-11-2003,2023-2024,0,4434976,PRIMARY,0,rural,merit,INST01
S217-25,Meera Gupta,male,12-08-2002,2024-2025,1,3846637,none,1,URBAN,MANAGEMENT,INST02
S218-24,Meera Mehta,Male,21-11-2003,2023-2024,1,3134836,primary,0,urban,RESERVATION,INST01
S219-25,Meera Nair,MALE,12-08-2002,2024-2025,1,97354,None,1,rural,merit,INST01
S220-24,Meera Khan,male,12-08-2002,2023-2024,1,4417162,Primary,1,RURAL,Reservation,INST01
S221-24,Jane Doe,Male,21-11-2003,2023-2024,1,2952519,none,1,Urban,management,INST02
S222-24,Meera Bansal,male,14-05-2001,2023-2024,0,2536668,none,0,rural,Reservation,INST02
S223-24,Meera Chopra,FEMALE,21-11-2003,2023-2024,0,1339786,primary,0,,management,INST01
S224-24,Jane Doe,male,12-08-2002,2023-2024,0,580475,secondary,0,,management,INST01
S225-24,Meera Kulkarni,female,14-05-2001,2023-2024,1,1194050,none,0,,reservation,INST01
S226-25,Jane Doe,FEMALE,14-05-2001,2024-2025,0,1812051,PRIMARY,1,,Reservation,INST02
S227-24,Meera Das,FEMALE,21-11-2003,2023-2024,1,2488171,Secondary,0,,merit,INST02
S228-25,Meera Roy,male,14-05-2001,2024-2025,1,2614191,PRIMARY,0,,management,INST02
S229-25,Jane Doe,female,14-05-2001,2024-2025,0,3932653,secondary,0,,RESERVATION,INST01
S230-24,Meera Banerjee,male,12-08-2002,2023-2024,1,4931251,primary,1,,management,INST01
S231-24,Meera Mukherjee,MALE,14-05-2001,2023-2024,0,4362891,graduate,1,,MANAGEMENT,INST01
S232-25,Meera Chatterjee,female,12-08-2002,2024-2025,1,3305560,none,1,,management,INST01
S233-25,Meera Saxena,male,21-11-2003,2024-2025,1,3206874,Graduate,0,,reservation,INST01
S234-24,Meera Tripathi,male,12-08-2002,2023-2024,0,3088546,graduate,0,,MERIT,INST01
S235-24,Meera Tiwari,MALE,21-11-2003,2023-2024,0,4350359,graduate,0,,Reservation,INST01
S236-24,Meera Mishra,male,14-05-2001,2023-2024,1,3495762,graduate,1,,MERIT,INST02
S237-24,Meera Pandey,male,12-08-2002,2023-2024,0,857811,none,0,,merit,INST02
S238-25,Meera Yadav,male,14-05-2001,2024-2025,0,2990356,NONE,1,,reservation,INST01
S239-24,Jane Doe,female,14-05-2001,2023-2024,1,3195978,secondary,1,rural,Merit,INST02
S240-24,Meera Kohli,FEMALE,14-05-2001,2023-2024,1,3155571,Graduate,0,Urban,MERIT,INST02
S241-25,Karan Sharma,MALE,12-08-2002,2024-2025,0,4668568,none,1,URBAN,Merit,INST02
S242-25,Karan Verma,Male,14-05-2001,2024-2025,1,4420511,GRADUATE,1,URBAN,Reservation,INST01
S243-24,Karan Patel,male,14-05-2001,2023-2024,1,3067717,secondary,0,urban,Merit,INST02
S244-25,Karan Iyer,male,14-05-2001,2024-2025,1,2369515,primary,0,rural,Reservation,INST02
S245-25,Karan Reddy,Male,21-11-2003,2024-2025,1,3213178,none,1,urban,management,INST01
S246-25,Karan Singh,Female,21-11-2003,2024-2025,0,2132535,graduate,1,Urban,merit,INST01
S247-25,Karan Gupta,male,14-05-2001,2024-2025,0,1784584,None,1,urban,merit,INST02
S248-25,Karan Mehta,FEMALE,21-11-2003,2024-2025,1,4869417,GRADUATE,0,urban,RESERVATION,INST02
S249-25,Karan Nair,male,12-08-2002,2024-2025,0,1516331,none,0,Rural,merit,INST02
S250-25,Karan Khan,FEMALE,12-08-2002,2024-2025,1,3119594,secondary,0,Urban,Merit,INST02
S251-25,Jane Doe,male,12-08-2002,2024-2025,1,1694697,Primary,1,rural,RESERVATION,INST01
S252-24,Karan Bansal,Female,21-11-2003,2023-2024,1,553621,secondary,1,RURAL,Merit,INST01
S253-24,Karan Chopra,female,14-05-2001,2023-2024,1,2437471,Secondary,0,Rural,management,INST01
S254-25,Karan Agarwal,Female,14-05-2001,2024-2025,1,1964430,Graduate,1,RURAL,MERIT,INST01
S255-25,Karan Kulkarni,FEMALE,21-11-2003,2024-2025,1,721631,NONE,1,URBAN,RESERVATION,INST02
S256-25,Karan Joshi,female,14-05-2001,2024-2025,0,1973977,NONE,1,rural,reservation,INST01
S257-24,Karan Das,Female,21-11-2003,2023-2024,1,3879763,Graduate,1,rural,MANAGEMENT,INST01
S258-25,Karan Roy,male,12-08-2002,2024-2025,1,2455536,SECONDARY,1,Rural,reservation,INST02
S259-25,Karan Ghosh,female,12-08-2002,2024-2025,1,2146280,Primary,1,rural,Management,INST01
S260-24,Karan Banerjee,female,14-05-2001,2023-2024,1,2479301,primary,0,urban,Merit,INST01
S261-24,Karan Mukherjee,male,21-11-2003,2023-2024,1,1314026,Secondary,1,Urban,MERIT,INST02
S262-24,Karan Chatterjee,male,12-08-2002,2023-2024,0,4606624,None,1,RURAL,MERIT,INST01
S263-24,Karan Saxena,female,12-08-2002,2023-2024,0,4016348,NONE,1,urban,RESERVATION,INST01
S264-24,Karan Tripathi,male,14-05-2001,2023-2024,0,3692011,none,1,urban,Merit,INST02
S265-24,Karan Tiwari,Male,14-05-2001,2023-2024,1,551430,primary,1,rural,management,INST01
S266-25,Karan Mishra,FEMALE,21-11-2003,2024-2025,1,3720016,secondary,0,urban,management,INST02
S267-24,Karan Pandey,female,21-11-2003,2023-2024,0,207033,GRADUATE,1,urban,reservation,INST01
S268-24,Karan Yadav,MALE,14-05-2001,2023-2024,0,1138625,NONE,1,Rural,MANAGEMENT,INST01
S269-24,Karan Jain,Male,21-11-2003,2023-2024,0,159774,graduate,1,rural,RESERVATION,INST01
S270-24,Karan Kohli,male,14-05-2001,2023-2024,0,2599336,GRADUATE,0,urban,RESERVATION,INST02
S271-25,Nisha Sharma,,21-11-2003,2024-2025,1,3632564,primary,1,Rural,Management,INST02
S272-24,Nisha Verma,,12-08-2002,2023-2024,1,4774000,graduate,0,rural,MANAGEMENT,INST01
S273-24,Nisha Patel,,12-08-2002,2023-2024,0,2691611,NONE,1,URBAN,management,INST02
S274-25,Nisha Iyer,Male,14-05-2001,2024-2025,1,820956,Primary,0,RURAL,Reservation,INST02
S275-25,Nisha Reddy,male,12-08-2002,2024-2025,0,3693209,GRADUATE,0,rural,reservation,INST02
S276-25,Nisha Singh,Male,14-05-2001,2024-2025,0,4875587,SECONDARY,0,RURAL,Management,INST01
S277-24,Nisha Gupta,female,12-08-2002,2023-2024,0,4084270,PRIMARY,1,rural,merit,INST02
S278-24,Nisha Mehta,male,14-05-2001,2023-2024,1,2740548,Primary,0,urban,reservation,INST01
S279-24,Nisha Nair,FEMALE,14-05-2001,2023-2024,0,1288805,secondary,0,URBAN,reservation,INST01
S280-24,Nisha Khan,MALE,14-05-2001,2023-2024,1,3209205,Primary,0,rural,Management,INST02
S281-24,Nisha Malhotra,FEMALE,21-11-2003,2023-2024,0,210040,secondary,0,URBAN,Management,INST01
S282-24,Jane Doe,female,14-05-2001,2023-2024,1,4491057,secondary,1,Urban,Merit,INST01
S283-24,Nisha Chopra,MALE,21-11-2003,2023-2024,0,2917110,GRADUATE,0,Rural,management,INST01
S284-24,Nisha Agarwal,Male,12-08-2002,2023-2024,0,1208547,primary,0,Urban,RESERVATION,INST02
S285-25,Jane Doe,FEMALE,14-05-2001,2024-2025,0,3499829,PRIMARY,1,urban,Merit,INST02
S286-24,Nisha Joshi,female,21-11-2003,2023-2024,1,4263804,graduate,0,Urban,management,INST01
S287-24,Nisha Das,female,21-11-2003,2023-2024,1,604791,Primary,1,Rural,reservation,INST01
S288-24,Nisha Roy,male,21-11-2003,2023-2024,1,3838375,none,0,URBAN,Management,INST02
S289-25,Nisha Ghosh,Male,14-05-2001,2024-2025,1,1446590,none,0,rural,Merit,INST01
S290-25,Nisha Banerjee,male,21-11-2003,2024-2025,1,806481,SECONDARY,1,urban,merit,INST01
S291-24,Nisha Mukherjee,male,14-05-2001,2023-2024,1,1263054,secondary,0,URBAN,MANAGEMENT,INST02
S292-25,Nisha Chatterjee,FEMALE,12-08-2002,2024-2025,1,4609218,graduate,0,urban,Reservation,INST01
S293-24,Nisha Saxena,FEMALE,21-11-2003,2023-2024,0,1293662,secondary,0,rural,,INST01
S294-25,Nisha Tripathi,MALE,12-08-2002,2024-2025,1,4906721,Secondary,1,URBAN,,INST02
S295-25,Nisha Tiwari,Male,21-11-2003,2024-2025,0,4471238,Graduate,1,rural,,INST01
S296-25,Nisha Mishra,female,21-11-2003,2024-2025,0,4409608,secondary,0,rural,,INST02
S297-24,Nisha Pandey,MALE,12-08-2002,2023-2024,1,2850052,secondary,1,URBAN,,INST01
S298-24,Nisha Yadav,female,21-11-2003,2023-2024,0,1677520,Primary,1,rural,,INST02
S299-25,Nisha Jain,male,12-08-2002,2024-2025,1,4707163,none,0,Rural,,INST01
S300-25,Nisha Kohli,female,14-05-2001,2024-2025,1,2688212,graduate,1,URBAN,,INST02
S301-24,Aditya Sharma,MALE,21-11-2003,2023-2024,1,4098872,secondary,0,URBAN,,INST01
S302-24,Aditya Verma,Male,12-08-2002,2023-2024,1,2658700,none,0,RURAL,,INST02
S303-25,Aditya Patel,MALE,12-08-2002,2024-2025,0,1036926,primary,1,Urban,,INST01
S304-25,Aditya Iyer,MALE,12-08-2002,2024-2025,0,2891547,none,1,Urban,,INST02
S305-25,Aditya Reddy,Male,14-05-2001,2024-2025,0,2837803,None,1,Urban,,INST01
S306-24,Aditya Singh,FEMALE,14-05-2001,2023-2024,1,2214703,secondary,1,urban,,INST02
S307-24,Aditya Gupta,Male,14-05-2001,2023-2024,1,4310990,graduate,0,urban,,INST02
S308-25,Aditya Mehta,MALE,21-11-2003,2024-2025,0,4808112,GRADUATE,1,Rural,,INST01
S309-25,Aditya Nair,MALE,12-08-2002,2024-2025,0,2796499,None,1,rural,,INST02
S310-25,Aditya Khan,Female,14-05-2001,2024-2025,1,4833825,None,1,urban,,INST02
S311-24,Aditya Malhotra,male,12-08-2002,2023-2024,1,2417342,graduate,0,urban,,INST02
S312-24,Aditya Bansal,MALE,14-05-2001,2023-2024,0,2469869,primary,1,URBAN,,INST02
S313-24,Aditya Chopra,female,21-11-2003,2023-2024,0,3861736,graduate,1,rural,,INST02
S314-24,Aditya Agarwal,MALE,21-11-2003,2023-2024,1,4917647,graduate,0,Urban,,INST02
S315-24,Aditya Kulkarni,male,12-08-2002,2023-2024,1,2931874,Graduate,1,RURAL,,INST02
S316-24,Aditya Joshi,male,14-05-2001,2023-2024,0,4019158,secondary,0,RURAL,,INST02
S317-24,Aditya Das,male,21-11-2003,2023-2024,1,985744,Primary,0,Rural,,INST02
S318-25,Aditya Roy,female,12-08-2002,2024-2025,1,3264237,None,0,URBAN,,INST01
S319-25,Aditya Ghosh,male,12-08-2002,2024-2025,1,3322148,Graduate,0,Urban,,INST02
S320-25,Aditya Banerjee,MALE,21-11-2003,2024-2025,1,2317659,Graduate,0,Rural,,INST01
S321-24,Aditya Mukherjee,male,21-11-2003,2023-2024,1,3499804,SECONDARY,0,URBAN,,INST01
S322-24,Aditya Chatterjee,Male,21-11-2003,2023-2024,0,774661,none,1,Urban,,INST02
S323-25,Aditya Saxena,female,21-11-2003,2024-2025,0,1408669,secondary,1,Urban,,INST01
S324-24,Aditya Tripathi,male,12-08-2002,2023-2024,1,4585151,NONE,0,rural,,INST01
S325-24,Aditya Tiwari,female,21-11-2003,2023-2024,1,3325615,Graduate,0,URBAN,reservation,INST02
S326-25,Aditya Mishra,Male,21-11-2003,2024-2025,0,2590306,graduate,0,Urban,RESERVATION,INST02
S327-24,Aditya Pandey,female,14-05-2001,2023-2024,0,3063700,primary,1,Rural,management,INST02
S328-24,Aditya Yadav,male,12-08-2002,2023-2024,1,2882988,primary,0,urban,Merit,INST01
S329-24,Aditya Jain,Male,14-05-2001,2023-2024,1,1145029,primary,0,Urban,MERIT,INST01
S330-25,Aditya Kohli,Female,14-05-2001,2024-2025,0,2879839,Secondary,0,urban,merit,INST02
S331-24,Pooja Sharma,MALE,14-05-2001,2023-2024,1,3729756,PRIMARY,1,URBAN,Merit,INST02
S332-25,Pooja Verma,MALE,14-05-2001,2024-2025,1,4043082,GRADUATE,0,Urban,Reservation,INST02
S333-25,Pooja Patel,MALE,14-05-2001,2024-2025,0,3563030,Secondary,0,Rural,MANAGEMENT,INST01
S334-24,Pooja Iyer,male,12-08-2002,2023-2024,1,4029663,SECONDARY,1,Rural,MANAGEMENT,INST01
S335-24,Pooja Reddy,female,14-05-2001,2023-2024,1,1375782,Secondary,1,urban,MERIT,INST02
S336-24,Pooja Singh,male,14-05-2001,2023-2024,1,3200193,PRIMARY,1,urban,RESERVATION,INST02
S337-25,Pooja Gupta,male,12-08-2002,2024-2025,0,1746267,graduate,1,Urban,Reservation,INST01
S338-24,Pooja Mehta,female,21-11-2003,2023-2024,1,3503557,SECONDARY,1,URBAN,Management,INST01
S339-24,Pooja Nair,Male,21-11-2003,2023-2024,0,3554524,graduate,0,rural,merit,INST01
S340-24,Pooja Khan,MALE,21-11-2003,2023-2024,1,3056524,Primary,0,rural,Reservation,INST02
S341-25,Pooja Malhotra,Male,12-08-2002,2024-2025,0,61439,secondary,0,urban,Merit,INST02
S342-24,Pooja Bansal,female,12-08-2002,2023-2024,0,980854,PRIMARY,1,Urban,reservation,INST01
S343-24,Pooja Chopra,female,12-08-2002,2023-2024,0,2738245,secondary,0,Rural,reservation,INST02
S344-24,Pooja Agarwal,FEMALE,12-08-2002,2023-2024,0,1630024,secondary,0,RURAL,Merit,INST01
S345-25,Jane Doe,male,14-05-2001,2024-2025,0,3544162,SECONDARY,0,urban,management,INST02
S346-25,Pooja Joshi,female,21-11-2003,2024-2025,1,4497356,primary,1,rural,MANAGEMENT,INST01
S347-24,Pooja Das,Male,14-05-2001,2023-2024,0,4540561,PRIMARY,0,rural,MANAGEMENT,INST01
S348-25,Pooja Roy,female,21-11-2003,2024-2025,0,2934397,none,0,rural,reservation,INST02
S349-25,Jane Doe,Male,14-05-2001,2024-2025,1,2481246,Secondary,0,urban,Merit,INST02
S350-25,Pooja Banerjee,male,14-05-2001,2024-2025,1,825787,PRIMARY,1,urban,Management,INST01
S351-25,Pooja Mukherjee,female,21-11-2003,2024-2025,1,3384958,secondary,0,urban,management,INST02
S352-25,Pooja Chatterjee,MALE,12-08-2002,2024-2025,1,1220778,SECONDARY,1,URBAN,reservation,INST02
S353-24,Pooja Saxena,FEMALE,14-05-2001,2023-2024,0,1721493,secondary,1,URBAN,MERIT,INST02
S354-25,Pooja Tripathi,female,21-11-2003,2024-2025,0,1091671,NONE,1,rural,reservation,INST02
S355-25,Pooja Tiwari,Male,21-11-2003,2024-2025,1,4043318,primary,1,urban,Management,INST02
S356-24,Pooja Mishra,Male,21-11-2003,2023-2024,0,2481490,Primary,1,Rural,merit,INST01
S357-24,Pooja Pandey,female,14-05-2001,2023-2024,0,1198815,NONE,0,urban,reservation,INST01
S358-25,Pooja Yadav,Male,12-08-2002,2024-2025,1,3912881,secondary,1,RURAL,MANAGEMENT,INST01
S359-24,Pooja Jain,male,21-11-2003,2023-2024,0,1129735,None,0,URBAN,management,INST01
S360-24,Pooja Kohli,FEMALE,21-11-2003,2023-2024,0,4357375,none,0,urban,MERIT,INST02
S361-24,Siddharth Sharma,female,14-05-2001,2023-2024,0,811512,NONE,0,Urban,merit,INST01
S362-24,Siddharth Verma,female,12-08-2002,2023-2024,0,4279496,Primary,1,urban,MANAGEMENT,INST01
S363-24,Siddharth Patel,female,21-11-2003,2023-2024,1,4209206,none,1,RURAL,MANAGEMENT,INST02
S364-24,Siddharth Iyer,female,21-11-2003,2023-2024,1,633923,none,0,URBAN,Management,INST01
S365-24,Siddharth Reddy,FEMALE,12-08-2002,2023-2024,1,3101020,NONE,1,RURAL,reservation,INST02
S366-25,Siddharth Singh,female,12-08-2002,2024-2025,1,4041520,NONE,1,RURAL,MERIT,INST01
S367-24,Siddharth Gupta,Male,14-05-2001,2023-2024,1,4228658,None,1,RURAL,reservation,INST02
S368-24,Siddharth Mehta,male,21-11-2003,2023-2024,1,315067,GRADUATE,0,rural,MANAGEMENT,INST02
S369-25,Siddharth Nair,Female,12-08-2002,2024-2025,1,967562,graduate,0,RURAL,Reservation,INST02
S370-25,Siddharth Khan,MALE,12-08-2002,2024-2025,1,2738404,None,1,Urban,Management,INST01
S371-24,Siddharth Malhotra,male,12-08-2002,2023-2024,0,2668080,SECONDARY,1,RURAL,,INST02
S372-25,Siddharth Bansal,male,14-05-2001,2024-2025,0,4834472,Secondary,1,urban,,INST01
S373-24,Siddharth Chopra,female,14-05-2001,2023-2024,0,2460513,none,1,RURAL,,INST02
S374-25,Siddharth Agarwal,Female,21-11-2003,2024-2025,0,4579408,none,0,RURAL,,INST02
S375-24,Siddharth Kulkarni,FEMALE,14-05-2001,2023-2024,1,4431114,Graduate,0,urban,,INST01
S376-25,Siddharth Joshi,MALE,21-11-2003,2024-2025,1,2050543,Graduate,1,URBAN,,INST02
S377-25,Siddharth Das,male,14-05-2001,2024-2025,0,4669657,none,0,Rural,,INST01
S378-24,Siddharth Roy,Male,14-05-2001,2023-2024,1,988956,graduate,0,rural,,INST02
S379-24,Siddharth Ghosh,male,14-05-2001,2023-2024,0,1260290,Graduate,0,rural,,INST01
S380-25,Siddharth Banerjee,FEMALE,12-08-2002,2024-2025,0,4036449,None,0,rural,,INST01
S381-24,Siddharth Mukherjee,Female,14-05-2001,2023-2024,0,3761143,PRIMARY,0,Rural,reservation,INST01
S382-25,Siddharth Chatterjee,Female,12-08-2002,2024-2025,0,4001800,primary,1,Rural,Reservation,INST01
S383-24,Siddharth Saxena,MALE,12-08-2002,2023-2024,1,3769550,secondary,0,Urban,Management,INST01
S384-25,Siddharth Tripathi,female,21-11-2003,2024-2025,1,1505247,primary,0,Urban,reservation,INST01
S385-25,Siddharth Tiwari,MALE,12-08-2002,2024-2025,1,1713177,SECONDARY,1,urban,Reservation,INST02
S386-25,Siddharth Mishra,MALE,12-08-2002,2024-2025,1,1044153,secondary,1,Urban,management,INST01
S387-25,Siddharth Pandey,FEMALE,14-05-2001,2024-2025,0,1274257,Secondary,0,Urban,reservation,INST02
S388-25,Siddharth Yadav,MALE,21-11-2003,2024-2025,0,2199376,Graduate,0,URBAN,Reservation,INST02
S389-24,Siddharth Jain,MALE,21-11-2003,2023-2024,1,4743932,secondary,1,RURAL,Merit,INST02
S390-25,Jane Doe,female,12-08-2002,2024-2025,1,3074866,secondary,1,Urban,reservation,INST01
S391-24,Neha Sharma,FEMALE,14-05-2001,2023-2024,1,1978210,GRADUATE,1,Urban,reservation,INST01
S392-24,Neha Verma,FEMALE,21-11-2003,2023-2024,1,2982693,Primary,0,rural,Management,INST01
S393-25,Neha Patel,male,12-08-2002,2024-2025,1,1073334,Graduate,0,Rural,Management,INST01
S394-24,Neha Iyer,female,14-05-2001,2023-2024,1,458376,none,1,URBAN,MERIT,INST02
S395-25,Neha Reddy,Female,14-05-2001,2024-2025,1,1342975,primary,1,Urban,MANAGEMENT,INST02
S396-24,Neha Singh,male,21-11-2003,2023-2024,1,3594491,Graduate,0,Rural,MERIT,INST02
S397-24,Neha Gupta,male,14-05-2001,2023-2024,1,4056494,secondary,0,urban,management,INST02
S398-25,Neha Mehta,MALE,14-05-2001,2024-2025,1,2187922,Primary,0,Urban,management,INST02
S399-25,Neha Nair,MALE,12-08-2002,2024-2025,1,2913320,none,1,URBAN,Reservation,INST02
S400-25,Neha Khan,female,14-05-2001,2024-2025,0,3076012,PRIMARY,0,urban,RESERVATION,INST01
S401-25,Neha Malhotra,female,14-05-2001,2024-2025,0,4567957,NONE,0,rural,management,INST02
S402-24,Neha Bansal,Female,12-08-2002,2023-2024,1,2850537,none,1,urban,management,INST02
S403-25,Neha Chopra,female,12-08-2002,2024-2025,1,4020646,primary,0,Rural,reservation,INST02
S404-25,Neha Agarwal,Female,21-11-2003,2024-2025,0,3546884,PRIMARY,0,RURAL,MERIT,INST02
S405-24,Neha Kulkarni,female,12-08-2002,2023-2024,0,3539529,secondary,0,Urban,merit,INST01
S406-24,Neha Joshi,FEMALE,21-11-2003,2023-2024,1,1062404,none,0,Urban,Management,INST01
S407-24,Neha Das,male,12-08-2002,2023-2024,0,904531,SECONDARY,1,rural,MERIT,INST02
S408-25,Neha Roy,male,12-08-2002,2024-2025,0,1205719,primary,1,URBAN,management,INST01
S409-24,Neha Ghosh,MALE,21-11-2003,2023-2024,1,4493028,Graduate,1,Urban,Reservation,INST01
S410-25,Neha Banerjee,male,14-05-2001,2024-2025,0,2690772,None,1,Rural,Reservation,INST02
S411-25,Neha Mukherjee,male,12-08-2002,2024-2025,1,116288,Secondary,1,urban,Reservation,INST01
S412-25,Neha Chatterjee,Female,14-05-2001,2024-2025,0,1842935,none,1,urban,management,INST01
S413-25,Neha Saxena,FEMALE,14-05-2001,2024-2025,0,2228995,GRADUATE,0,rural,reservation,INST01
S414-25,Neha Tripathi,male,14-05-2001,2024-2025,0,2559885,secondary,1,RURAL,reservation,INST01
S415-24,Neha Tiwari,FEMALE,14-05-2001,2023-2024,1,3614208,graduate,1,Rural,Management,INST02
S416-24,Neha Mishra,female,12-08-2002,2023-2024,0,1260863,primary,0,rural,MANAGEMENT,INST02
S417-25,Neha Pandey,Male,14-05-2001,2024-2025,1,387911,GRADUATE,0,urban,management,INST02
S418-24,Neha Yadav,male,21-11-2003,2023-2024,1,1076160,Graduate,1,urban,Management,INST01
S419-25,Neha Jain,Female,21-11-2003,2024-2025,0,799228,Graduate,0,Urban,Reservation,INST01
S420-24,Neha Kohli,male,14-05-2001,2023-2024,1,4595235,NONE,0,URBAN,MERIT,INST02
S421-24,Rahul Sharma,female,12-08-2002,2023-2024,0,4525690,secondary,1,RURAL,merit,INST02
S422-24,Rahul Verma,MALE,14-05-2001,2023-2024,1,1582338,PRIMARY,1,URBAN,MERIT,INST01
S423-25,Rahul Patel,FEMALE,14-05-2001,2024-2025,0,1245045,NONE,0,rural,,INST02
S424-25,Rahul Iyer,FEMALE,21-11-2003,2024-2025,0,4689915,NONE,0,Urban,,INST01
S425-24,Rahul Reddy,male,21-11-2003,2023-2024,1,1244261,NONE,1,rural,,INST02
S426-25,Rahul Singh,male,14-05-2001,2024-2025,0,2997907,none,0,Urban,,INST02
S427-25,Rahul Gupta,FEMALE,21-11-2003,2024-2025,1,2242451,SECONDARY,1,urban,,INST01
S428-24,Rahul Mehta,female,21-11-2003,2023-2024,0,3515862,None,1,Urban,,INST01
S429-24,Rahul Nair,male,12-08-2002,2023-2024,1,3931346,SECONDARY,1,URBAN,,INST02
S430-24,Jane Doe,FEMALE,12-08-2002,2023-2024,1,109856,Primary,0,Urban,,INST01
S431-25,Rahul Malhotra,Male,21-11-2003,2024-2025,1,1659367,GRADUATE,1,urban,,INST02
S432-25,Rahul Bansal,male,21-11-2003,2024-2025,1,3082245,graduate,1,Urban,RESERVATION,INST02
S433-24,Jane Doe,Female,21-11-2003,2023-2024,0,2147019,graduate,1,RURAL,MANAGEMENT,INST02
S434-24,Rahul Agarwal,Male,21-11-2003,2023-2024,1,2848342,none,0,urban,RESERVATION,INST01
S435-24,Rahul Kulkarni,FEMALE,21-11-2003,2023-2024,0,3757080,NONE,1,RURAL,MANAGEMENT,INST01
S436-25,Rahul Joshi,Female,21-11-2003,2024-2025,0,3270554,graduate,0,URBAN,RESERVATION,INST01
S437-24,Rahul Das,Female,21-11-2003,2023-2024,0,4318945,primary,1,Rural,Management,INST01
S438-24,Rahul Roy,FEMALE,21-11-2003,2023-2024,0,3988650,PRIMARY,0,Rural,Reservation,INST02
S439-24,Rahul Ghosh,female,21-11-2003,2023-2024,1,4040671,secondary,1,Urban,RESERVATION,INST01
S440-25,Rahul Banerjee,female,12-08-2002,2024-2025,0,1837935,none,0,URBAN,MANAGEMENT,INST02
S441-24,Rahul Mukherjee,FEMALE,21-11-2003,2023-2024,1,299020,primary,0,URBAN,management,INST01
S442-25,Rahul Chatterjee,male,21-11-2003,2024-2025,1,980875,Primary,1,URBAN,merit,INST02
S443-25,Rahul Saxena,Male,21-11-2003,2024-2025,0,2717171,secondary,0,Rural,reservation,INST01
S444-25,Rahul Tripathi,Female,14-05-2001,2024-2025,1,594194,graduate,1,rural,Management,INST01
S445-24,Rahul Tiwari,female,14-05-2001,2023-2024,1,1891519,Graduate,1,rural,MERIT,INST02
S446-24,Rahul Mishra,female,12-08-2002,2023-2024,1,4948630,graduate,0,RURAL,RESERVATION,INST01
S447-25,Rahul Pandey,Male,21-11-2003,2024-2025,0,4259109,none,1,urban,Reservation,INST02
S448-24,Rahul Yadav,FEMALE,14-05-2001,2023-2024,1,1206496,secondary,1,urban,merit,INST01
S449-25,Rahul Jain,female,14-05-2001,2024-2025,0,2010612,secondary,1,Urban,merit,INST01
S450-25,Rahul Kohli,female,21-11-2003,2024-2025,1,131211,secondary,0,URBAN,Management,INST02
S451-25,Sneha Sharma,male,12-08-2002,2024-2025,1,1762992,graduate,0,urban,reservation,INST01
S452-24,Sneha Verma,MALE,21-11-2003,2023-2024,0,3287114,GRADUATE,0,Urban,MANAGEMENT,INST01
S453-24,Sneha Patel,Male,21-11-2003,2023-2024,0,4550094,Primary,1,Urban,RESERVATION,INST02
S454-25,Sneha Iyer,Male,21-11-2003,2024-2025,0,1742005,Secondary,1,Rural,Management,INST02
S455-25,Sneha Reddy,male,14-05-2001,2024-2025,1,3330703,Graduate,0,rural,MERIT,INST02
S456-24,Sneha Singh,female,21-11-2003,2023-2024,0,1872465,None,1,RURAL,merit,INST01
S457-25,Sneha Gupta,female,12-08-2002,2024-2025,1,3247364,none,1,rural,RESERVATION,INST02
S458-24,Sneha Mehta,MALE,14-05-2001,2023-2024,0,3999253,PRIMARY,1,URBAN,merit,INST02
S459-24,Sneha Nair,male,21-11-2003,2023-2024,0,1867580,graduate,0,Urban,merit,INST01
S460-24,Jane Doe,male,21-11-2003,2023-2024,0,3587331,primary,0,URBAN,RESERVATION,INST02
S461-25,Sneha Malhotra,male,14-05-2001,2024-2025,0,4764851,PRIMARY,1,RURAL,management,INST01
S462-25,Sneha Bansal,female,21-11-2003,2024-2025,0,1896300,graduate,0,URBAN,Merit,INST02
S463-24,Sneha Chopra,Female,12-08-2002,2023-2024,1,2835408,none,1,Urban,MERIT,INST01
S464-25,Sneha Agarwal,male,14-05-2001,2024-2025,1,2033036,SECONDARY,1,urban,Reservation,INST02
S465-24,Sneha Kulkarni,Male,21-11-2003,2023-2024,1,2383093,NONE,1,RURAL,RESERVATION,INST01
S466-24,Sneha Joshi,male,12-08-2002,2023-2024,1,3250135,none,0,URBAN,Merit,INST01
S467-24,Sneha Das,Female,14-05-2001,2023-2024,1,4306585,primary,1,URBAN,MANAGEMENT,INST02
S468-25,Sneha Roy,Female,14-05-2001,2024-2025,0,3218523,GRADUATE,1,Rural,management,INST01
S469-25,Sneha Ghosh,FEMALE,14-05-2001,2024-2025,1,3241447,None,0,urban,reservation,INST02
S470-25,Sneha Banerjee,female,21-11-2003,2024-2025,0,3360561,Graduate,0,rural,Management,INST02
S471-25,Sneha Mukherjee,Female,14-05-2001,2024-2025,1,3138522,none,0,URBAN,management,INST01
S472-24,Sneha Chatterjee,Male,14-05-2001,2023-2024,0,153493,primary,1,rural,reservation,INST02
S473-25,Sneha Saxena,female,12-08-2002,2024-2025,1,795524,SECONDARY,0,RURAL,merit,INST02
S474-25,Sneha Tripathi,FEMALE,21-11-2003,2024-2025,0,3665067,GRADUATE,0,rural,MERIT,INST01
S475-24,Sneha Tiwari,Female,12-08-2002,2023-2024,0,2225601,NONE,1,URBAN,,INST01
S476-25,Sneha Mishra,MALE,12-08-2002,2024-2025,0,4120105,NONE,0,Rural,,INST02
S477-25,Sneha Pandey,Female,14-05-2001,2024-2025,1,2873187,graduate,1,rural,,INST01
S478-24,Sneha Yadav,Female,21-11-2003,2023-2024,1,1080914,Graduate,1,rural,,INST01
S479-25,Sneha Jain,female,12-08-2002,2024-2025,1,433814,None,1,urban,,INST01
S480-24,Sneha Kohli,Female,21-11-2003,2023-2024,1,4226898,Primary,1,URBAN,,INST01
S481-24,Vikram Sharma,MALE,21-11-2003,2023-2024,1,3698150,graduate,1,Rural,,INST02
S482-24,Vikram Verma,male,14-05-2001,2023-2024,1,2841738,graduate,0,RURAL,,INST01
S483-24,Vikram Patel,female,14-05-2001,2023-2024,1,4855321,none,1,rural,,INST01
S484-24,Vikram Iyer,Female,12-08-2002,2023-2024,0,3366120,graduate,1,Urban,,INST02
S485-25,Vikram Reddy,MALE,21-11-2003,2024-2025,1,4264252,Primary,1,urban,RESERVATION,INST01
S486-24,Vikram Singh,FEMALE,12-08-2002,2023-2024,0,1551730,none,1,rural,reservation,INST01
S487-25,Vikram Gupta,Male,14-05-2001,2024-2025,0,866375,primary,0,URBAN,RESERVATION,INST01
S488-25,Vikram Mehta,Male,12-08-2002,2024-2025,0,4879171,NONE,1,urban,reservation,INST01
S489-25,Vikram Nair,male,12-08-2002,2024-2025,0,2105217,Graduate,0,Rural,management,INST01
S490-24,Vikram Khan,Female,21-11-2003,2023-2024,0,1028343,GRADUATE,0,Urban,reservation,INST01
S491-25,Vikram Malhotra,Male,12-08-2002,2024-2025,1,582662,none,0,Urban,Merit,INST01
S492-25,Vikram Bansal,Male,12-08-2002,2024-2025,1,2686506,NONE,0,rural,Management,INST01
S493-25,Vikram Chopra,female,21-11-2003,2024-2025,1,437270,Secondary,1,Urban,MERIT,INST01
S494-24,Vikram Agarwal,Male,21-11-2003,2023-2024,1,2564143,SECONDARY,1,urban,reservation,INST01
S495-25,Vikram Kulkarni,male,12-08-2002,2024-2025,1,3618038,primary,0,rural,Management,INST01
S496-24,Vikram Joshi,male,14-05-2001,2023-2024,0,2315974,Secondary,0,URBAN,Merit,INST02
S497-24,Vikram Das,Female,12-08-2002,2023-2024,1,1086022,Secondary,0,Urban,Merit,INST02
S498-25,Vikram Roy,male,12-08-2002,2024-2025,1,1120153,None,1,urban,MANAGEMENT,INST02
S499-25,Vikram Ghosh,Female,14-05-2001,2024-2025,0,4263004,secondary,1,Rural,RESERVATION,INST01
S500-24,Vikram Banerjee,male,12-08-2002,2023-2024,0,1435069,Graduate,0,Rural,Reservation,INST02
S501-24,Vikram Mukherjee,Male,14-05-2001,2023-2024,1,1645379,Primary,0,Rural,reservation,INST02
S502-24,Vikram Chatterjee,male,12-08-2002,2023-2024,0,4359097,secondary,0,RURAL,MANAGEMENT,INST01
S503-25,Vikram Saxena,Male,21-11-2003,2024-2025,1,1874213,None,1,rural,RESERVATION,INST02
S504-24,Vikram Tripathi,MALE,14-05-2001,2023-2024,0,900082,GRADUATE,1,URBAN,RESERVATION,INST02
S505-25,Vikram Tiwari,female,12-08-2002,2024-2025,0,3189935,graduate,0,rural,RESERVATION,INST01
S506-25,Vikram Mishra,Female,12-08-2002,2024-2025,0,387694,Graduate,0,rural,reservation,INST02
S507-25,Vikram Pandey,male,14-05-2001,2024-2025,0,1152411,PRIMARY,1,Rural,management,INST01
S508-25,Vikram Yadav,MALE,21-11-2003,2024-2025,0,2128254,secondary,1,Urban,merit,INST01
S509-24,Vikram Jain,male,12-08-2002,2023-2024,0,1297604,GRADUATE,0,urban,Reservation,INST01
S510-24,Vikram Kohli,Male,14-05-2001,2023-2024,0,2870064,Secondary,1,urban,MERIT,INST02
S511-24,Priya Sharma,male,12-08-2002,2023-2024,1,2443412,secondary,0,Urban,management,INST02
S512-24,Priya Verma,FEMALE,14-05-2001,2023-2024,0,2364810,NONE,0,Urban,Merit,INST02
S513-25,Priya Patel,MALE,14-05-2001,2024-2025,1,1744491,Secondary,1,Rural,MANAGEMENT,INST02
S514-24,Priya Iyer,MALE,14-05-2001,2023-2024,0,1450353,primary,0,urban,reservation,INST02
S515-24,Priya Reddy,male,12-08-2002,2023-2024,1,1594060,secondary,1,URBAN,merit,INST01
S516-25,Priya Singh,male,14-05-2001,2024-2025,0,1165444,NONE,1,Rural,RESERVATION,INST01
S517-25,Priya Gupta,male,12-08-2002,2024-2025,0,2523761,SECONDARY,0,Urban,RESERVATION,INST01
S518-25,Jane Doe,Male,12-08-2002,2024-2025,1,1900854,Primary,1,RURAL,MANAGEMENT,INST01
S519-25,Priya Nair,MALE,21-11-2003,2024-2025,0,1602127,SECONDARY,0,Urban,MERIT,INST01
S520-25,Priya Khan,FEMALE,21-11-2003,2024-2025,0,2107338,none,0,Urban,,INST01
S521-25,Priya Malhotra,male,14-05-2001,2024-2025,0,1246514,secondary,0,Rural,,INST01
S522-24,Priya Bansal,MALE,21-11-2003,2023-2024,0,4609430,SECONDARY,1,URBAN,,INST02
S523-25,Priya Chopra,FEMALE,14-05-2001,2024-2025,1,1286283,None,0,urban,,INST01
S524-24,Priya Agarwal,Female,14-05-2001,2023-2024,1,1317543,secondary,1,Rural,,INST01
S525-24,Priya Kulkarni,Female,12-08-2002,2023-2024,0,2736502,None,1,URBAN,,INST02
S526-25,Priya Joshi,female,21-11-2003,2024-2025,1,2728614,Primary,0,rural,,INST01
S527-25,Priya Das,Female,12-08-2002,2024-2025,0,751436,NONE,0,urban,,INST01
S528-24,Priya Roy,MALE,12-08-2002,2023-2024,1,2980539,PRIMARY,0,urban,,INST01
S529-25,Priya Ghosh,male,12-08-2002,2024-2025,0,3167913,NONE,0,URBAN,,INST01
S530-24,Priya Banerjee,Female,21-11-2003,2023-2024,0,3990672,SECONDARY,0,urban,,INST02
S531-25,Priya Mukherjee,female,12-08-2002,2024-2025,0,4698596,graduate,0,rural,,INST02
S532-24,Priya Chatterjee,male,21-11-2003,2023-2024,1,4741700,GRADUATE,1,RURAL,MERIT,INST02
S533-25,Priya Saxena,male,21-11-2003,2024-2025,0,285290,SECONDARY,0,URBAN,merit,INST02
S534-24,Priya Tripathi,FEMALE,14-05-2001,2023-2024,1,453063,graduate,1,Rural,Merit,INST01
S535-24,Priya Tiwari,Female,21-11-2003,2023-2024,1,248686,PRIMARY,1,urban,RESERVATION,INST01
S536-24,Priya Mishra,female,21-11-2003,2023-2024,1,1400960,GRADUATE,1,URBAN,Reservation,INST02
S537-24,Priya Pandey,Female,12-08-2002,2023-2024,0,175340,GRADUATE,1,urban,management,INST01
S538-24,Priya Yadav,Female,12-08-2002,2023-2024,0,3914976,none,1,Rural,RESERVATION,INST02
S539-25,Priya Jain,female,14-05-2001,2024-2025,0,3184681,none,0,urban,Merit,INST01
S540-25,Priya Kohli,Female,21-11-2003,2024-2025,1,3927873,NONE,0,rural,MANAGEMENT,INST02
S541-25,Amit Sharma,FEMALE,21-11-2003,2024-2025,0,1833713,primary,0,Rural,MANAGEMENT,INST02
S542-25,Amit Verma,Male,21-11-2003,2024-2025,1,4021247,SECONDARY,0,URBAN,management,INST02
S543-25,Amit Patel,FEMALE,21-11-2003,2024-2025,0,4452156,Graduate,0,urban,Management,INST02
S544-25,Amit Iyer,Male,12-08-2002,2024-2025,0,4834164,Primary,1,URBAN,management,INST02
S545-24,Amit Reddy,Male,14-05-2001,2023-2024,0,3459018,graduate,0,urban,reservation,INST02
S546-24,Amit Singh,male,21-11-2003,2023-2024,1,2969953,SECONDARY,1,Urban,management,INST02
S547-25,Amit Gupta,female,12-08-2002,2024-2025,0,1001100,Graduate,1,Rural,Merit,INST01
S548-24,Amit Mehta,FEMALE,12-08-2002,2023-2024,0,187795,Graduate,1,RURAL,management,INST02
S549-24,Amit Nair,Female,21-11-2003,2023-2024,1,2991160,None,1,rural,management,INST02
S550-24,Amit Khan,female,21-11-2003,2023-2024,1,180275,SECONDARY,1,urban,Reservation,INST02
S551-24,Amit Malhotra,male,14-05-2001,2023-2024,1,3325010,PRIMARY,0,Urban,Reservation,INST01
S552-25,Amit Bansal,Male,12-08-2002,2024-2025,0,1759284,none,0,RURAL,RESERVATION,INST02
S553-25,Amit Chopra,MALE,12-08-2002,2024-2025,0,1614938,Graduate,1,Urban,Reservation,INST01
S554-25,Amit Agarwal,FEMALE,12-08-2002,2024-2025,0,1079150,none,0,RURAL,merit,INST01
S555-24,Amit Kulkarni,female,14-05-2001,2023-2024,0,3572436,SECONDARY,0,URBAN,management,INST01
S556-24,Amit Joshi,MALE,21-11-2003,2023-2024,0,4426744,PRIMARY,1,urban,MERIT,INST01
S557-25,Amit Das,male,12-08-2002,2024-2025,1,2345680,Graduate,0,RURAL,Reservation,INST02
S558-24,Amit Roy,FEMALE,14-05-2001,2023-2024,1,4945996,graduate,1,Rural,MANAGEMENT,INST02
S559-25,Jane Doe,male,14-05-2001,2024-2025,1,589104,secondary,1,rural,MERIT,INST02
S560-25,Amit Banerjee,MALE,21-11-2003,2024-2025,0,1266680,SECONDARY,1,urban,RESERVATION,INST01
S561-24,Amit Mukherjee,Male,12-08-2002,2023-2024,1,4755662,secondary,0,Rural,MANAGEMENT,INST02
S562-24,Amit Chatterjee,male,14-05-2001,2023-2024,0,2792024,GRADUATE,1,Urban,merit,INST02
S563-24,Amit Saxena,female,14-05-2001,2023-2024,1,3531933,graduate,1,Rural,Merit,INST01
S564-24,Amit Tripathi,MALE,14-05-2001,2023-2024,1,1929168,PRIMARY,0,rural,Merit,INST02
S565-24,Amit Tiwari,FEMALE,21-11-2003,2023-2024,1,979487,Secondary,1,URBAN,Merit,INST02
S566-25,Amit Mishra,Male,21-11-2003,2024-2025,1,1076541,secondary,0,Rural,Management,INST01
S567-24,Amit Pandey,MALE,21-11-2003,2023-2024,0,680356,graduate,0,RURAL,reservation,INST02
S568-25,Amit Yadav,male,21-11-2003,2024-2025,1,3858612,graduate,1,URBAN,MANAGEMENT,INST02
S569-24,Amit Jain,male,21-11-2003,2023-2024,1,1285555,PRIMARY,1,rural,RESERVATION,INST02
S570-24,Amit Kohli,female,12-08-2002,2023-2024,1,1313492,NONE,1,RURAL,merit,INST02
S571-25,Kavya Sharma,male,14-05-2001,2024-2025,0,965906,SECONDARY,0,RURAL,reservation,INST02
S572-24,Kavya Verma,female,12-08-2002,2023-2024,1,1894556,secondary,0,URBAN,Reservation,INST01
S573-24,Kavya Patel,MALE,14-05-2001,2023-2024,1,2693355,Primary,1,RURAL,management,INST01
S574-25,Kavya Iyer,female,21-11-2003,2024-2025,0,4024775,secondary,0,urban,reservation,INST02
S575-25,Jane Doe,FEMALE,14-05-2001,2024-2025,1,4131001,Secondary,1,URBAN,reservation,INST02
S576-24,Kavya Singh,MALE,21-11-2003,2023-2024,1,1238104,SECONDARY,0,urban,Merit,INST02
S577-24,Kavya Gupta,female,21-11-2003,2023-2024,1,2275575,SECONDARY,1,urban,MANAGEMENT,INST01
S578-25,Kavya Mehta,male,21-11-2003,2024-2025,0,1284225,secondary,1,urban,RESERVATION,INST02
S579-25,Kavya Nair,MALE,21-11-2003,2024-2025,1,92700,secondary,0,urban,RESERVATION,INST01
S580-25,Kavya Khan,FEMALE,14-05-2001,2024-2025,1,1885912,Graduate,1,rural,management,INST01
S581-24,Kavya Malhotra,male,21-11-2003,2023-2024,1,2147323,Primary,1,URBAN,management,INST02
S582-25,Kavya Bansal,female,14-05-2001,2024-2025,0,3021193,GRADUATE,0,rural,MANAGEMENT,INST02
S583-24,Kavya Chopra,Male,12-08-2002,2023-2024,1,3343865,NONE,1,urban,Management,INST01
S584-24,Kavya Agarwal,male,14-05-2001,2023-2024,1,4954126,PRIMARY,0,Rural,Merit,INST01
S585-24,Kavya Kulkarni,male,21-11-2003,2023-2024,1,613228,none,0,URBAN,Management,INST02
S586-25,Kavya Joshi,MALE,12-08-2002,2024-2025,0,1083447,Primary,0,rural,merit,INST02
S587-25,Kavya Das,Male,14-05-2001,2024-2025,0,3286499,secondary,0,RURAL,Reservation,INST01
S588-25,Kavya Roy,FEMALE,12-08-2002,2024-2025,1,1218562,Primary,1,URBAN,Merit,INST02
S589-25,Kavya Ghosh,female,12-08-2002,2024-2025,1,1224734,Graduate,0,RURAL,management,INST02
S590-24,Kavya Banerjee,MALE,14-05-2001,2023-2024,0,426892,graduate,0,URBAN,merit,INST02
S591-24,Kavya Mukherjee,MALE,12-08-2002,2023-2024,0,569478,Graduate,0,Urban,MANAGEMENT,INST01
S592-24,Kavya Chatterjee,FEMALE,12-08-2002,2023-2024,0,2168081,Graduate,0,Urban,RESERVATION,INST01
S593-24,Kavya Saxena,Female,14-05-2001,2023-2024,0,93925,GRADUATE,0,rural,Reservation,INST02
S594-25,Kavya Tripathi,MALE,12-08-2002,2024-2025,1,3205108,NONE,0,urban,merit,INST02
S595-25,Kavya Tiwari,male,14-05-2001,2024-2025,0,3052326,secondary,0,Rural,RESERVATION,INST02
S596-25,Kavya Mishra,MALE,12-08-2002,2024-2025,1,2238429,NONE,0,urban,Management,INST01
S597-25,Kavya Pandey,MALE,21-11-2003,2024-2025,0,1136027,secondary,0,urban,Merit,INST01
S598-25,Kavya Yadav,female,12-08-2002,2024-2025,0,487385,None,1,RURAL,management,INST01
S599-24,Kavya Jain,male,21-11-2003,2023-2024,0,1955270,NONE,0,RURAL,Merit,INST01
S600-25,Kavya Kohli,Female,21-11-2003,2024-2025,1,1138138,Primary,1,urban,management,INST01
S601-25,Manish Sharma,MALE,12-08-2002,2024-2025,1,2724782,GRADUATE,0,urban,management,INST02
S602-24,Manish Verma,female,14-05-2001,2023-2024,0,350879,graduate,1,rural,management,INST01
S603-25,Manish Patel,MALE,14-05-2001,2024-2025,1,3276789,none,1,Urban,Management,INST01
S604-24,Jane Doe,Female,14-05-2001,2023-2024,0,2910048,None,1,Rural,RESERVATION,INST02
S605-25,Jane Doe,MALE,14-05-2001,2024-2025,1,2048392,None,1,rural,Management,INST01
S606-24,Manish Singh,Female,12-08-2002,2023-2024,1,2624423,none,1,rural,MANAGEMENT,INST01
S607-25,Manish Gupta,male,21-11-2003,2024-2025,1,4675880,secondary,0,Urban,MERIT,INST01
S608-24,Manish Mehta,FEMALE,12-08-2002,2023-2024,0,4300668,None,1,Urban,management,INST01
S609-25,Manish Nair,FEMALE,14-05-2001,2024-2025,0,965729,primary,1,Urban,MERIT,INST02
S610-25,Manish Khan,Female,21-11-2003,2024-2025,0,3473705,primary,0,URBAN,merit,INST02
S611-24,Manish Malhotra,male,21-11-2003,2023-2024,0,3227937,None,1,urban,Merit,INST02
S612-25,Manish Bansal,female,21-11-2003,2024-2025,1,2308068,Primary,0,Urban,management,INST01
S613-25,Manish Chopra,female,14-05-2001,2024-2025,0,4111382,primary,0,rural,MERIT,INST02
S614-24,Manish Agarwal,Male,14-05-2001,2023-2024,0,4881936,None,1,URBAN,merit,INST01
S615-24,Manish Kulkarni,female,12-08-2002,2023-2024,0,1160465,SECONDARY,1,urban,Reservation,INST02
S616-25,Manish Joshi,Female,14-05-2001,2024-2025,0,3704833,primary,1,rural,reservation,INST01
S617-24,Jane Doe,Male,12-08-2002,2023-2024,1,2544340,secondary,0,URBAN,Reservation,INST02
S618-25,Manish Roy,FEMALE,14-05-2001,2024-2025,0,4874605,NONE,1,RURAL,MERIT,INST02
S619-24,Manish Ghosh,MALE,12-08-2002,2023-2024,0,1993427,none,0,Urban,MANAGEMENT,INST02
S620-25,Manish Banerjee,FEMALE,14-05-2001,2024-2025,0,4419574,graduate,0,Urban,Merit,INST01
S621-24,Manish Mukherjee,FEMALE,21-11-2003,2023-2024,0,2794045,secondary,0,RURAL,Reservation,INST01
S622-24,Manish Chatterjee,female,21-11-2003,2023-2024,1,2112873,GRADUATE,0,RURAL,merit,INST01
S623-24,Manish Saxena,male,12-08-2002,2023-2024,1,3693330,graduate,1,Rural,Management,INST02
S624-25,Manish Tripathi,FEMALE,12-08-2002,2024-2025,0,3340096,secondary,0,RURAL,Management,INST02
S625-25,Manish Tiwari,Female,12-08-2002,2024-2025,1,1124227,PRIMARY,1,Urban,merit,INST02
S626-25,Manish Mishra,Female,12-08-2002,2024-2025,1,3333119,Primary,1,rural,Merit,INST01
S627-25,Manish Pandey,male,21-11-2003,2024-2025,0,,Secondary,0,urban,Merit,INST02
S628-24,Manish Yadav,female,14-05-2001,2023-2024,0,,NONE,0,Urban,MERIT,INST02
S629-24,Manish Jain,MALE,12-08-2002,2023-2024,0,,graduate,1,URBAN,Reservation,INST02
S630-24,Manish Kohli,MALE,21-11-2003,2023-2024,1,,Primary,1,rural,management,INST02
S631-25,Swati Sharma,male,14-05-2001,2024-2025,1,,Primary,1,Rural,MANAGEMENT,INST01
S632-25,Swati Verma,Female,21-11-2003,2024-2025,0,,NONE,0,urban,MERIT,INST02
S633-25,Swati Patel,MALE,14-05-2001,2024-2025,1,,graduate,0,urban,management,INST01
S634-25,Swati Iyer,Male,21-11-2003,2024-2025,0,,none,0,URBAN,RESERVATION,INST01
S635-25,Swati Reddy,Female,12-08-2002,2024-2025,1,1003487,primary,1,URBAN,Management,INST02
S636-25,Swati Singh,MALE,12-08-2002,2024-2025,0,3167473,secondary,1,Urban,Reservation,INST01
S637-25,Swati Gupta,MALE,12-08-2002,2024-2025,0,132386,secondary,0,rural,management,INST01
S638-25,Swati Mehta,FEMALE,14-05-2001,2024-2025,1,168526,Secondary,1,URBAN,MERIT,INST01
S639-25,Swati Nair,MALE,21-11-2003,2024-2025,1,1545900,Secondary,1,RURAL,Merit,INST01
S640-24,Swati Khan,Male,12-08-2002,2023-2024,0,1252367,graduate,1,URBAN,management,INST02
S641-25,Swati Malhotra,Female,14-05-2001,2024-2025,0,2665247,Primary,0,rural,management,INST02
S642-25,Swati Bansal,Female,14-05-2001,2024-2025,1,1543276,Primary,0,Rural,MERIT,INST02
S643-24,Swati Chopra,FEMALE,14-05-2001,2023-2024,1,97098,none,1,Rural,RESERVATION,INST01
S644-24,Swati Agarwal,female,12-08-2002,2023-2024,0,3999434,None,0,urban,management,INST02
S645-24,Swati Kulkarni,female,12-08-2002,2023-2024,0,2686007,Secondary,1,urban,Management,INST02
S646-25,Swati Joshi,male,21-11-2003,2024-2025,0,565760,Secondary,1,Urban,merit,INST01
S647-25,Swati Das,male,21-11-2003,2024-2025,0,3961207,primary,0,urban,Management,INST01
S648-25,Swati Roy,male,14-05-2001,2024-2025,0,1652946,SECONDARY,1,RURAL,MERIT,INST01
S649-24,Swati Ghosh,FEMALE,21-11-2003,2023-2024,1,2524071,Secondary,1,URBAN,reservation,INST01
S650-25,Swati Banerjee,FEMALE,14-05-2001,2024-2025,1,2960188,none,0,RURAL,Merit,INST02
S651-24,Swati Mukherjee,Female,14-05-2001,2023-2024,0,3969550,Secondary,0,urban,reservation,INST02
S652-25,Swati Chatterjee,male,12-08-2002,2024-2025,1,1415209,graduate,0,Rural,management,INST01
S653-24,Swati Saxena,female,14-05-2001,2023-2024,0,3581486,Primary,0,URBAN,management,INST01
S654-25,Swati Tripathi,female,21-11-2003,2024-2025,0,1236660,primary,0,URBAN,Merit,INST01
S655-25,Jane Doe,FEMALE,14-05-2001,2024-2025,1,91479,Primary,1,urban,Merit,INST02
S656-25,Swati Mishra,female,21-11-2003,2024-2025,1,2425608,NONE,0,urban,Merit,INST01
S657-24,Swati Pandey,MALE,21-11-2003,2023-2024,0,1208298,secondary,0,Rural,MANAGEMENT,INST02
S658-24,Swati Yadav,male,12-08-2002,2023-2024,0,1421897,graduate,1,urban,MANAGEMENT,INST02
S659-25,Swati Jain,female,21-11-2003,2024-2025,1,507273,Secondary,1,Urban,Reservation,INST01
S660-24,Swati Kohli,FEMALE,21-11-2003,2023-2024,1,108357,GRADUATE,1,URBAN,management,INST02
S661-25,Deepak Sharma,female,14-05-2001,2024-2025,0,3621051,secondary,1,rural,management,INST02
S662-24,Deepak Verma,MALE,14-05-2001,2023-2024,1,1519966,graduate,1,Urban,reservation,INST01
S663-24,Deepak Patel,Male,12-08-2002,2023-2024,0,2789622,Graduate,1,rural,RESERVATION,INST01
S664-25,Deepak Iyer,Female,14-05-2001,2024-2025,0,1026647,none,1,Rural,management,INST02
S665-24,Deepak Reddy,FEMALE,21-11-2003,2023-2024,1,2440019,PRIMARY,1,RURAL,MERIT,INST02
S666-24,Jane Doe,Female,12-08-2002,2023-2024,1,584542,graduate,1,rural,management,INST01
S667-25,Deepak Gupta,male,14-05-2001,2024-2025,0,2194904,primary,1,rural,MANAGEMENT,INST01
S668-25,Deepak Mehta,male,21-11-2003,2024-2025,1,4788661,primary,1,URBAN,MERIT,INST01
S669-25,Deepak Nair,female,14-05-2001,2024-2025,1,1548393,secondary,0,rural,merit,INST02
S670-25,Deepak Khan,male,12-08-2002,2024-2025,1,3820309,Graduate,0,rural,Management,INST01
S671-24,Deepak Malhotra,female,21-11-2003,2023-2024,0,4272500,Graduate,0,Rural,Merit,INST01
S672-24,Deepak Bansal,male,21-11-2003,2023-2024,0,4010839,primary,1,Urban,Reservation,INST02
S673-24,Deepak Chopra,MALE,14-05-2001,2023-2024,1,2104063,graduate,1,rural,Reservation,INST01
S674-25,Deepak Agarwal,MALE,12-08-2002,2024-2025,0,4083306,Secondary,1,rural,management,INST01
S675-24,Deepak Kulkarni,FEMALE,14-05-2001,2023-2024,1,3124127,PRIMARY,1,Urban,merit,INST02
S676-25,Deepak Joshi,Female,14-05-2001,2024-2025,1,3828029,NONE,1,rural,RESERVATION,INST02
S677-25,Deepak Das,Male,12-08-2002,2024-2025,1,3739832,GRADUATE,0,urban,merit,INST02
S678-25,Deepak Roy,male,21-11-2003,2024-2025,1,,graduate,0,RURAL,MANAGEMENT,INST01
S679-25,Deepak Ghosh,MALE,12-08-2002,2024-2025,0,,primary,0,urban,merit,INST02
S680-24,Deepak Banerjee,male,21-11-2003,2023-2024,0,,PRIMARY,0,URBAN,reservation,INST02
S681-25,Deepak Mukherjee,male,12-08-2002,2024-2025,0,,PRIMARY,1,RURAL,Merit,INST01
S682-25,Deepak Chatterjee,FEMALE,12-08-2002,2024-2025,0,,GRADUATE,0,rural,management,INST02
S683-24,Deepak Saxena,female,12-08-2002,2023-2024,1,2161813,secondary,0,RURAL,Reservation,INST01
S684-24,Deepak Tripathi,female,21-11-2003,2023-2024,1,4140121,SECONDARY,1,rural,MERIT,INST01
S685-24,Deepak Tiwari,female,21-11-2003,2023-2024,1,1838589,primary,0,Urban,merit,INST02
S686-25,Deepak Mishra,Female,14-05-2001,2024-2025,1,2309749,Primary,1,rural,MANAGEMENT,INST02
S687-24,Deepak Pandey,Male,12-08-2002,2023-2024,0,3479160,primary,1,Urban,Management,INST01
S688-25,Deepak Yadav,MALE,14-05-2001,2024-2025,1,2348168,Graduate,1,RURAL,reservation,INST01
S689-25,Deepak Jain,female,12-08-2002,2024-2025,0,2365643,Secondary,0,urban,RESERVATION,INST01
S690-25,Deepak Kohli,Female,21-11-2003,2024-2025,0,4854434,primary,1,rural,MERIT,INST02
S691-24,Alok Sharma,Male,12-08-2002,2023-2024,0,3915501,PRIMARY,1,rural,merit,INST02
S692-24,Alok Verma,Male,12-08-2002,2023-2024,1,4795557,Secondary,0,Urban,RESERVATION,INST01
S693-25,Jane Doe,female,12-08-2002,2024-2025,0,1651280,SECONDARY,1,Rural,management,INST02
S694-24,Alok Iyer,male,14-05-2001,2023-2024,0,3321116,Secondary,0,Rural,RESERVATION,INST01
S695-24,Alok Reddy,Male,21-11-2003,2023-2024,0,2637731,secondary,1,urban,merit,INST01
S696-25,Alok Singh,FEMALE,14-05-2001,2024-2025,1,278979,None,0,RURAL,management,INST02
S697-24,Alok Gupta,MALE,12-08-2002,2023-2024,0,828897,graduate,1,RURAL,merit,INST02
S698-24,Alok Mehta,female,14-05-2001,2023-2024,0,3883205,secondary,0,Rural,merit,INST02
S699-25,Alok Nair,Female,14-05-2001,2024-2025,0,182959,PRIMARY,0,urban,management,INST01
S700-25,Alok Khan,male,21-11-2003,2024-2025,0,3168079,Primary,0,urban,Reservation,INST02
S701-24,Alok Malhotra,FEMALE,12-08-2002,2023-2024,0,266678,GRADUATE,1,URBAN,merit,INST02
S702-24,Alok Bansal,Female,12-08-2002,2023-2024,1,992968,Primary,0,Rural,MANAGEMENT,INST02
S703-24,Alok Chopra,MALE,12-08-2002,2023-2024,0,4057991,PRIMARY,0,urban,RESERVATION,INST01
S704-25,Alok Agarwal,Female,21-11-2003,2024-2025,1,1598761,primary,0,Urban,RESERVATION,INST01
S705-24,Alok Kulkarni,male,21-11-2003,2023-2024,1,170139,none,1,Urban,Reservation,INST02
S706-25,Alok Joshi,female,12-08-2002,2024-2025,1,4629168,PRIMARY,1,Rural,management,INST02
S707-25,Alok Das,MALE,21-11-2003,2024-2025,1,263187,NONE,1,urban,Management,INST01
S708-25,Alok Roy,male,14-05-2001,2024-2025,1,4335778,primary,0,Rural,RESERVATION,INST01
S709-24,Alok Ghosh,Male,21-11-2003,2023-2024,1,1439451,PRIMARY,1,rural,management,INST01
S710-25,Alok Banerjee,FEMALE,14-05-2001,2024-2025,0,52966,none,1,Urban,merit,INST02
S711-25,Alok Mukherjee,FEMALE,14-05-2001,2024-2025,1,1672116,primary,0,Urban,MANAGEMENT,INST01
S712-25,Alok Chatterjee,FEMALE,14-05-2001,2024-2025,1,4447651,None,0,Urban,reservation,INST01
S713-25,Alok Saxena,female,14-05-2001,2024-2025,1,2192889,SECONDARY,0,Urban,reservation,INST02
S714-25,Alok Tripathi,male,14-05-2001,2024-2025,1,3587258,secondary,1,RURAL,merit,INST02
S715-24,Jane Doe,Male,12-08-2002,2023-2024,1,3688701,GRADUATE,0,urban,Merit,INST02
S716-25,Alok Mishra,female,14-05-2001,2024-2025,0,384411,Graduate,1,URBAN,MERIT,INST02
S717-24,Alok Pandey,Male,21-11-2003,2023-2024,1,2501795,Secondary,1,rural,reservation,INST01
S718-24,Alok Yadav,Female,12-08-2002,2023-2024,0,4734851,graduate,0,rural,RESERVATION,INST02
S719-25,Jane Doe,FEMALE,14-05-2001,2024-2025,1,4220754,secondary,1,urban,MERIT,INST02
S720-25,Alok Kohli,female,14-05-2001,2024-2025,0,4746959,graduate,1,Rural,Merit,INST02
S721-24,Suman Sharma,female,12-08-2002,2023-2024,1,2766535,None,0,urban,MERIT,INST02
S722-24,Suman Verma,female,14-05-2001,2023-2024,0,224264,GRADUATE,1,Rural,management,INST02
S723-25,Suman Patel,FEMALE,14-05-2001,2024-2025,0,,Secondary,0,URBAN,reservation,INST01
S724-24,Suman Iyer,male,14-05-2001,2023-2024,1,,graduate,0,urban,merit,INST01
S725-24,Suman Reddy,Female,14-05-2001,2023-2024,0,,Graduate,0,RURAL,Management,INST02
S726-25,Suman Singh,FEMALE,21-11-2003,2024-2025,1,,none,1,urban,Merit,INST01
S727-24,Suman Gupta,male,12-08-2002,2023-2024,1,,NONE,1,rural,MANAGEMENT,INST02
S728-24,Suman Mehta,Male,12-08-2002,2023-2024,0,,PRIMARY,0,Urban,Merit,INST02
S729-24,Suman Nair,male,12-08-2002,2023-2024,0,,none,1,urban,reservation,INST02
S730-24,Suman Khan,Male,21-11-2003,2023-2024,0,,primary,0,urban,MANAGEMENT,INST01
S731-24,Suman Malhotra,Male,14-05-2001,2023-2024,1,,Graduate,0,RURAL,MERIT,INST02
S732-24,Suman Bansal,Male,14-05-2001,2023-2024,0,,none,1,URBAN,merit,INST02
S733-25,Suman Chopra,FEMALE,21-11-2003,2024-2025,1,,graduate,1,urban,merit,INST01
S734-25,Jane Doe,male,14-05-2001,2024-2025,0,452284,graduate,0,rural,MERIT,INST01
S735-24,Suman Kulkarni,male,14-05-2001,2023-2024,0,2736959,none,0,RURAL,Merit,INST02
S736-24,Suman Joshi,female,14-05-2001,2023-2024,0,3320850,primary,1,RURAL,reservation,INST01
S737-25,Suman Das,male,12-08-2002,2024-2025,0,3519862,GRADUATE,1,urban,RESERVATION,INST01
S738-25,Suman Roy,FEMALE,12-08-2002,2024-2025,1,607845,GRADUATE,1,rural,Merit,INST01
S739-24,Suman Ghosh,MALE,21-11-2003,2023-2024,1,4703580,GRADUATE,0,urban,reservation,INST02
S740-25,Suman Banerjee,male,21-11-2003,2024-2025,0,1247546,primary,0,Urban,merit,INST01
S741-25,Suman Mukherjee,female,14-05-2001,2024-2025,0,3237959,secondary,1,Urban,management,INST02
S742-24,Suman Chatterjee,female,12-08-2002,2023-2024,0,984204,secondary,0,URBAN,Merit,INST01
S743-24,Suman Saxena,MALE,12-08-2002,2023-2024,1,345238,GRADUATE,1,rural,management,INST02
S744-25,Suman Tripathi,FEMALE,14-05-2001,2024-2025,0,1334613,Graduate,1,urban,Merit,INST01
S745-25,Suman Tiwari,FEMALE,21-11-2003,2024-2025,1,1098779,graduate,1,rural,MANAGEMENT,INST01
S746-24,Suman Mishra,Male,14-05-2001,2023-2024,1,1869986,Graduate,1,rural,merit,INST02
S747-25,Suman Pandey,Male,21-11-2003,2024-2025,1,3507095,GRADUATE,1,urban,RESERVATION,INST01
S748-25,Suman Yadav,MALE,21-11-2003,2024-2025,1,4874029,primary,1,Rural,Reservation,INST01
S749-24,Suman Jain,male,12-08-2002,2023-2024,1,769323,Primary,1,Urban,reservation,INST02
S750-24,Suman Kohli,male,21-11-2003,2023-2024,0,2480524,GRADUATE,1,Rural,merit,INST02
S751-24,Tanvi Sharma,female,14-05-2001,2023-2024,0,380329,secondary,0,Rural,Reservation,INST01
S752-25,Tanvi Verma,Female,14-05-2001,2024-2025,0,627891,SECONDARY,0,Rural,merit,INST01
S753-25,Tanvi Patel,Female,14-05-2001,2024-2025,1,2169933,secondary,0,RURAL,management,INST02
S754-24,Tanvi Iyer,Male,12-08-2002,2023-2024,0,2842725,Secondary,1,RURAL,RESERVATION,INST02
S755-25,Jane Doe,female,14-05-2001,2024-2025,1,3126890,secondary,1,Urban,Merit,INST01
S756-24,Tanvi Singh,MALE,14-05-2001,2023-2024,1,1128152,NONE,0,urban,merit,INST01
S757-24,Tanvi Gupta,female,21-11-2003,2023-2024,0,4938502,NONE,0,Urban,MERIT,INST01
S758-24,Tanvi Mehta,MALE,14-05-2001,2023-2024,0,3682010,graduate,1,urban,RESERVATION,INST02
S759-24,Jane Doe,MALE,14-05-2001,2023-2024,0,3762096,SECONDARY,0,urban,Merit,INST01
S760-24,Jane Doe,female,14-05-2001,2023-2024,0,3360714,GRADUATE,1,Urban,RESERVATION,INST01
S761-24,Tanvi Malhotra,female,12-08-2002,2023-2024,1,566902,None,1,Urban,Management,INST02
S762-24,Tanvi Bansal,Female,21-11-2003,2023-2024,1,4824805,graduate,0,urban,Management,INST02
S763-25,Tanvi Chopra,female,12-08-2002,2024-2025,1,3939158,Graduate,1,Rural,management,INST01
S764-24,Tanvi Agarwal,male,12-08-2002,2023-2024,0,1592745,none,1,URBAN,reservation,INST01
S765-25,Tanvi Kulkarni,MALE,14-05-2001,2024-2025,1,551306,SECONDARY,1,urban,management,INST02
S766-25,Tanvi Joshi,female,21-11-2003,2024-2025,0,1072129,secondary,0,rural,Management,INST02
S767-25,Tanvi Das,Female,12-08-2002,2024-2025,1,2403267,Primary,0,Rural,management,INST01
S768-25,Tanvi Roy,Female,14-05-2001,2024-2025,1,732058,None,1,Urban,MANAGEMENT,INST01
S769-25,Tanvi Ghosh,Female,21-11-2003,2024-2025,1,3037760,Graduate,0,urban,MERIT,INST01
S770-24,Tanvi Banerjee,FEMALE,14-05-2001,2023-2024,1,4441454,NONE,0,URBAN,Merit,INST01
S771-25,Tanvi Mukherjee,male,12-08-2002,2024-2025,1,3950195,SECONDARY,1,RURAL,reservation,INST01
S772-25,Tanvi Chatterjee,female,12-08-2002,2024-2025,1,192239,None,1,Urban,merit,INST01
S773-24,Tanvi Saxena,MALE,12-08-2002,2023-2024,0,1156178,PRIMARY,1,rural,merit,INST02
S774-25,Tanvi Tripathi,male,12-08-2002,2024-2025,1,1350100,PRIMARY,0,Urban,MANAGEMENT,INST01
S775-24,Tanvi Tiwari,male,21-11-2003,2023-2024,1,1330359,none,0,rural,RESERVATION,INST01
S776-25,Tanvi Mishra,male,21-11-2003,2024-2025,0,,GRADUATE,0,RURAL,management,INST01
S777-25,Tanvi Pandey,Female,21-11-2003,2024-2025,0,,Graduate,1,URBAN,merit,INST01
S778-24,Jane Doe,Female,14-05-2001,2023-2024,1,,Secondary,0,RURAL,merit,INST01
S779-25,Tanvi Jain,female,12-08-2002,2024-2025,0,,graduate,0,Urban,Merit,INST02
S780-24,Tanvi Kohli,MALE,21-11-2003,2023-2024,0,,Primary,1,URBAN,RESERVATION,INST01
S781-24,Varun Sharma,Female,14-05-2001,2023-2024,0,,None,0,RURAL,MERIT,INST01
S782-25,Jane Doe,FEMALE,14-05-2001,2024-2025,1,,none,0,rural,management,INST01
S783-24,Varun Patel,Male,14-05-2001,2023-2024,1,,GRADUATE,1,Urban,MERIT,INST02
S784-24,Varun Iyer,Female,21-11-2003,2023-2024,0,,NONE,0,rural,Merit,INST01
S785-25,Varun Reddy,Female,21-11-2003,2024-2025,1,,Primary,1,rural,RESERVATION,INST01
S786-25,Varun Singh,Female,14-05-2001,2024-2025,0,3058731,Secondary,0,Rural,merit,INST01
S787-25,Varun Gupta,male,21-11-2003,2024-2025,0,735713,NONE,0,Urban,MANAGEMENT,INST02
S788-25,Varun Mehta,FEMALE,14-05-2001,2024-2025,1,4438257,NONE,1,Urban,Merit,INST01
S789-25,Varun Nair,FEMALE,14-05-2001,2024-2025,1,1260942,primary,0,URBAN,MANAGEMENT,INST01
S790-24,Varun Khan,male,12-08-2002,2023-2024,0,612220,secondary,1,Rural,reservation,INST02
S791-24,Varun Malhotra,MALE,14-05-2001,2023-2024,1,4244260,none,1,rural,management,INST02
S792-24,Varun Bansal,Male,12-08-2002,2023-2024,1,745958,none,1,urban,RESERVATION,INST01
S793-25,Varun Chopra,FEMALE,12-08-2002,2024-2025,1,629649,NONE,0,RURAL,MANAGEMENT,INST01
S794-24,Varun Agarwal,FEMALE,12-08-2002,2023-2024,0,2485100,primary,1,urban,MERIT,INST02
S795-24,Varun Kulkarni,MALE,21-11-2003,2023-2024,0,3780132,none,1,Urban,management,INST02
S796-24,Varun Joshi,FEMALE,12-08-2002,2023-2024,1,2389601,secondary,0,URBAN,MERIT,INST01
S797-24,Varun Das,female,21-11-2003,2023-2024,0,3792175,GRADUATE,0,URBAN,MANAGEMENT,INST02
S798-24,Varun Roy,MALE,12-08-2002,2023-2024,1,3169375,None,1,Urban,merit,INST01
S799-24,Varun Ghosh,MALE,21-11-2003,2023-2024,0,1496346,None,0,URBAN,management,INST01
S800-25,Varun Banerjee,FEMALE,14-05-2001,2024-2025,1,3459058,NONE,1,Rural,merit,INST02
S801-24,Varun Mukherjee,female,12-08-2002,2023-2024,0,2074511,GRADUATE,0,urban,management,INST02
S802-25,Varun Chatterjee,female,12-08-2002,2024-2025,1,4540345,primary,1,Rural,MERIT,INST02
S803-25,Varun Saxena,Male,21-11-2003,2024-2025,0,2473862,primary,1,RURAL,Reservation,INST01
S804-25,Varun Tripathi,female,12-08-2002,2024-2025,1,1643550,PRIMARY,1,URBAN,reservation,INST02
S805-25,Varun Tiwari,female,21-11-2003,2024-2025,0,2110525,secondary,1,RURAL,merit,INST02
S806-25,Varun Mishra,female,21-11-2003,2024-2025,0,4669138,graduate,0,rural,MERIT,INST02
S807-24,Varun Pandey,FEMALE,14-05-2001,2023-2024,1,394223,Primary,1,URBAN,reservation,INST02
S808-25,Varun Yadav,MALE,21-11-2003,2024-2025,1,2433942,secondary,1,URBAN,MANAGEMENT,INST01
S809-24,Varun Jain,female,12-08-2002,2023-2024,1,814854,PRIMARY,0,urban,MERIT,INST02
S810-25,Varun Kohli,female,12-08-2002,2024-2025,0,4912352,graduate,1,RURAL,MANAGEMENT,INST02
S811-25,Ayesha Sharma,Male,14-05-2001,2024-2025,1,4445088,Primary,1,urban,management,INST02
S812-24,Ayesha Verma,Female,14-05-2001,2023-2024,0,3233007,None,1,rural,Management,INST01
S813-25,Ayesha Patel,Female,14-05-2001,2024-2025,0,2188472,PRIMARY,0,urban,MERIT,INST01
S814-24,Ayesha Iyer,male,12-08-2002,2023-2024,1,4687424,primary,0,urban,MERIT,INST01
S815-24,Ayesha Reddy,MALE,14-05-2001,2023-2024,1,4853392,PRIMARY,0,URBAN,MERIT,INST01
S816-24,Ayesha Singh,female,21-11-2003,2023-2024,0,3930042,primary,0,rural,reservation,INST01
S817-24,Ayesha Gupta,MALE,21-11-2003,2023-2024,1,3984818,secondary,0,URBAN,reservation,INST02
S818-24,Ayesha Mehta,female,14-05-2001,2023-2024,1,54809,Graduate,1,rural,MANAGEMENT,INST02
S819-24,Ayesha Nair,female,14-05-2001,2023-2024,1,355485,graduate,1,RURAL,MERIT,INST01
S820-25,Ayesha Khan,female,14-05-2001,2024-2025,0,1223105,GRADUATE,1,rural,merit,INST01
S821-24,Ayesha Malhotra,MALE,21-11-2003,2023-2024,1,1270856,Graduate,1,urban,reservation,INST02
S822-24,Ayesha Bansal,female,12-08-2002,2023-2024,0,3006836,SECONDARY,0,RURAL,Management,INST02
S823-25,Ayesha Chopra,Male,14-05-2001,2024-2025,0,,none,1,rural,reservation,INST01
S824-24,Ayesha Agarwal,MALE,12-08-2002,2023-2024,0,,PRIMARY,0,Rural,management,INST01
S825-24,Ayesha Kulkarni,MALE,21-11-2003,2023-2024,0,,Primary,1,URBAN,management,INST02
S826-25,Jane Doe,female,12-08-2002,2024-2025,1,,PRIMARY,0,rural,Reservation,INST02
S827-24,Ayesha Das,FEMALE,14-05-2001,2023-2024,0,,primary,0,urban,management,INST02
S828-25,Ayesha Roy,Female,14-05-2001,2024-2025,1,,None,0,rural,MANAGEMENT,INST01
S829-25,Jane Doe,female,12-08-2002,2024-2025,0,,SECONDARY,0,RURAL,Management,INST01
S830-24,Ayesha Banerjee,MALE,12-08-2002,2023-2024,1,740468,None,0,URBAN,MERIT,INST02
S831-25,Ayesha Mukherjee,MALE,14-05-2001,2024-2025,1,3046834,SECONDARY,0,Urban,Merit,INST02
S832-24,Ayesha Chatterjee,male,21-11-2003,2023-2024,1,2292529,SECONDARY,0,Rural,merit,INST01
S833-25,Ayesha Saxena,FEMALE,12-08-2002,2024-2025,1,3845916,graduate,1,RURAL,MANAGEMENT,INST01
S834-24,Ayesha Tripathi,MALE,14-05-2001,2023-2024,0,716501,primary,1,Rural,Management,INST02
S835-24,Ayesha Tiwari,FEMALE,21-11-2003,2023-2024,1,4019726,NONE,1,RURAL,Management,INST02
S836-25,Ayesha Mishra,Female,21-11-2003,2024-2025,0,1164873,none,1,RURAL,MANAGEMENT,INST01
S837-24,Ayesha Pandey,Female,21-11-2003,2023-2024,0,4351547,None,1,RURAL,Management,INST01
S838-24,Ayesha Yadav,Female,12-08-2002,2023-2024,0,1289885,Graduate,0,rural,Management,INST01
S839-25,Ayesha Jain,Male,21-11-2003,2024-2025,1,2840096,Primary,0,RURAL,Reservation,INST02
S840-25,Ayesha Kohli,MALE,21-11-2003,2024-2025,1,2276050,primary,0,Rural,MANAGEMENT,INST02
S841-24,Farhan Sharma,male,14-05-2001,2023-2024,0,4216081,primary,1,urban,reservation,INST01
S842-25,Farhan Verma,FEMALE,14-05-2001,2024-2025,1,223567,GRADUATE,1,urban,management,INST01
S843-24,Farhan Patel,male,14-05-2001,2023-2024,1,1355004,PRIMARY,1,RURAL,reservation,INST02
S844-24,Farhan Iyer,FEMALE,21-11-2003,2023-2024,0,3038517,Secondary,0,URBAN,MANAGEMENT,INST01
S845-25,Farhan Reddy,female,14-05-2001,2024-2025,1,2997610,PRIMARY,1,Urban,Reservation,INST02
S846-25,Farhan Singh,male,21-11-2003,2024-2025,0,2752926,SECONDARY,1,Rural,management,INST01
S847-24,Farhan Gupta,FEMALE,14-05-2001,2023-2024,0,1188923,SECONDARY,1,RURAL,MERIT,INST02
S848-24,Farhan Mehta,MALE,14-05-2001,2023-2024,1,2216621,none,1,rural,merit,INST01
S849-24,Farhan Nair,male,14-05-2001,2023-2024,1,4453636,secondary,0,URBAN,Management,INST01
S850-25,Farhan Khan,Male,14-05-2001,2024-2025,1,4683588,GRADUATE,1,rural,merit,INST01
S851-25,Farhan Malhotra,female,14-05-2001,2024-2025,0,406724,none,0,Urban,MERIT,INST01
S852-25,Farhan Bansal,Female,12-08-2002,2024-2025,0,94346,graduate,0,RURAL,RESERVATION,INST01
S853-25,Farhan Chopra,FEMALE,12-08-2002,2024-2025,0,3502273,GRADUATE,1,urban,Merit,INST01
S854-24,Farhan Agarwal,MALE,21-11-2003,2023-2024,0,2136919,none,0,rural,RESERVATION,INST01
S855-24,Farhan Kulkarni,male,14-05-2001,2023-2024,0,3517480,secondary,1,Rural,MERIT,INST02
S856-24,Farhan Joshi,female,12-08-2002,2023-2024,1,2086489,PRIMARY,0,rural,merit,INST02
S857-24,Farhan Das,female,14-05-2001,2023-2024,1,3624824,secondary,0,Rural,MANAGEMENT,INST01
S858-25,Farhan Roy,male,21-11-2003,2024-2025,0,1169767,NONE,1,rural,reservation,INST02
S859-24,Farhan Ghosh,MALE,21-11-2003,2023-2024,1,578211,Primary,0,rural,Merit,INST02
S860-25,Farhan Banerjee,MALE,12-08-2002,2024-2025,1,62251,secondary,0,Rural,reservation,INST02
S861-24,Farhan Mukherjee,Female,21-11-2003,2023-2024,1,2104236,GRADUATE,0,URBAN,MERIT,INST01
S862-24,Farhan Chatterjee,MALE,12-08-2002,2023-2024,1,3968175,PRIMARY,0,urban,merit,INST02
S863-25,Farhan Saxena,male,12-08-2002,2024-2025,0,1803927,none,0,urban,Merit,INST01
S864-24,Farhan Tripathi,FEMALE,12-08-2002,2023-2024,1,,secondary,0,Urban,RESERVATION,INST02
S865-24,Farhan Tiwari,Male,14-05-2001,2023-2024,0,,PRIMARY,1,urban,MERIT,INST01
S866-25,Farhan Mishra,FEMALE,14-05-2001,2024-2025,0,,graduate,0,Urban,MERIT,INST01
S867-24,Farhan Pandey,Male,21-11-2003,2023-2024,1,,secondary,0,Rural,MANAGEMENT,INST02
S868-24,Farhan Yadav,female,21-11-2003,2023-2024,0,,none,0,urban,merit,INST01
S869-24,Farhan Jain,male,14-05-2001,2023-2024,0,,primary,0,RURAL,RESERVATION,INST01
S870-24,Farhan Kohli,MALE,14-05-2001,2023-2024,0,,None,0,rural,reservation,INST02
S871-25,Irfan Sharma,Male,12-08-2002,2024-2025,0,,NONE,0,URBAN,Merit,INST02
S872-25,Irfan Verma,Male,14-05-2001,2024-2025,1,,none,1,RURAL,merit,INST02
S873-25,Irfan Patel,MALE,14-05-2001,2024-2025,1,,none,1,RURAL,RESERVATION,INST02
S874-24,Irfan Iyer,FEMALE,21-11-2003,2023-2024,1,3220019,primary,0,RURAL,Management,INST02
S875-24,Irfan Reddy,male,12-08-2002,2023-2024,0,3121997,GRADUATE,0,Urban,reservation,INST01
S876-24,Irfan Singh,Female,21-11-2003,2023-2024,1,1105007,secondary,0,rural,RESERVATION,INST02
S877-25,Irfan Gupta,female,12-08-2002,2024-2025,0,2138892,GRADUATE,0,URBAN,management,INST01
S878-25,Irfan Mehta,MALE,12-08-2002,2024-2025,0,3469542,Secondary,1,URBAN,MANAGEMENT,INST01
S879-25,Irfan Nair,FEMALE,14-05-2001,2024-2025,1,2496330,secondary,1,urban,reservation,INST01
S880-24,Irfan Khan,Female,12-08-2002,2023-2024,0,3991236,primary,0,Rural,Management,INST02
S881-24,Irfan Malhotra,male,12-08-2002,2023-2024,0,2480147,Primary,0,Rural,merit,INST01
S882-24,Irfan Bansal,Female,14-05-2001,2023-2024,0,805458,none,0,urban,reservation,INST02
S883-24,Irfan Chopra,female,14-05-2001,2023-2024,0,694585,Graduate,0,urban,merit,INST01
S884-25,Irfan Agarwal,male,12-08-2002,2024-2025,0,3531462,Graduate,1,Rural,RESERVATION,INST02
S885-24,Irfan Kulkarni,FEMALE,21-11-2003,2023-2024,0,1842660,Secondary,1,urban,management,INST01
S886-24,Irfan Joshi,Male,14-05-2001,2023-2024,0,3466504,NONE,1,rural,Management,INST02
S887-24,Irfan Das,Male,14-05-2001,2023-2024,1,4409393,primary,1,urban,RESERVATION,INST01
S888-24,Irfan Roy,male,21-11-2003,2023-2024,1,1668486,None,1,urban,RESERVATION,INST01
S889-24,Irfan Ghosh,FEMALE,14-05-2001,2023-2024,0,2180932,graduate,1,Rural,Merit,INST02
S890-25,Irfan Banerjee,female,21-11-2003,2024-2025,1,388411,primary,0,RURAL,Merit,INST01
S891-24,Jane Doe,female,12-08-2002,2023-2024,0,909620,secondary,0,RURAL,Merit,INST02
S892-25,Irfan Chatterjee,Female,14-05-2001,2024-2025,1,4939712,Graduate,1,urban,reservation,INST01
S893-24,Irfan Saxena,FEMALE,21-11-2003,2023-2024,1,2821208,Primary,0,Urban,MERIT,INST01
S894-25,Irfan Tripathi,Male,21-11-2003,2024-2025,1,3440777,primary,1,urban,Merit,INST01
S895-24,Irfan Tiwari,Female,12-08-2002,2023-2024,0,2782824,None,0,Rural,Merit,INST02
S896-25,Irfan Mishra,Male,14-05-2001,2024-2025,0,301154,graduate,1,Rural,MERIT,INST02
S897-25,Irfan Pandey,Male,14-05-2001,2024-2025,1,874204,NONE,0,rural,reservation,INST02
S898-24,Irfan Yadav,male,12-08-2002,2023-2024,1,297078,graduate,0,Urban,RESERVATION,INST01
S899-24,Irfan Jain,MALE,12-08-2002,2023-2024,1,,none,1,urban,management,INST01
S900-25,Irfan Kohli,male,14-05-2001,2024-2025,1,,none,1,RURAL,Reservation,INST02
S901-25,Ritu Sharma,FEMALE,21-11-2003,2024-2025,0,,Graduate,1,urban,RESERVATION,INST02
S902-24,Ritu Verma,FEMALE,12-08-2002,2023-2024,0,,primary,0,Rural,Merit,INST01
S903-25,Ritu Patel,FEMALE,12-08-2002,2024-2025,0,,NONE,0,urban,MANAGEMENT,INST02
S904-24,Ritu Iyer,female,21-11-2003,2023-2024,0,,secondary,0,RURAL,MANAGEMENT,INST01
S905-24,Ritu Reddy,MALE,12-08-2002,2023-2024,1,,none,0,rural,RESERVATION,INST01
S906-24,Ritu Singh,Male,14-05-2001,2023-2024,0,,none,1,urban,Management,INST02
S907-24,Ritu Gupta,male,14-05-2001,2023-2024,0,,Primary,1,urban,management,INST02
S908-25,Ritu Mehta,Male,12-08-2002,2024-2025,1,1048202,primary,0,rural,MERIT,INST02
S909-25,Ritu Nair,Female,12-08-2002,2024-2025,1,1385610,Graduate,1,urban,MERIT,INST01
S910-25,Ritu Khan,Female,21-11-2003,2024-2025,1,4813613,Primary,1,urban,Merit,INST01
S911-25,Ritu Malhotra,female,14-05-2001,2024-2025,1,2153622,none,1,Rural,merit,INST02
S912-24,Ritu Bansal,female,21-11-2003,2023-2024,0,2023679,none,1,urban,reservation,INST02
S913-25,Ritu Chopra,Female,21-11-2003,2024-2025,0,4596430,secondary,0,rural,RESERVATION,INST01
S914-25,Jane Doe,Male,12-08-2002,2024-2025,1,485134,graduate,1,URBAN,MERIT,INST01
S915-25,Ritu Kulkarni,male,14-05-2001,2024-2025,1,3191779,PRIMARY,1,Urban,Merit,INST02
S916-25,Ritu Joshi,Male,14-05-2001,2024-2025,0,1913924,secondary,1,urban,MANAGEMENT,INST02
S917-25,Ritu Das,male,14-05-2001,2024-2025,0,1456596,Secondary,1,URBAN,RESERVATION,INST02
S918-25,Ritu Roy,Female,12-08-2002,2024-2025,1,3118588,None,1,RURAL,Merit,INST01
S919-24,Ritu Ghosh,MALE,14-05-2001,2023-2024,1,4086743,PRIMARY,0,urban,MANAGEMENT,INST02
S920-25,Ritu Banerjee,FEMALE,21-11-2003,2024-2025,0,951965,secondary,1,Rural,MERIT,INST02
S921-25,Ritu Mukherjee,female,12-08-2002,2024-2025,0,2711875,Secondary,0,RURAL,Management,INST01
S922-25,Ritu Chatterjee,male,12-08-2002,2024-2025,0,4760082,primary,1,RURAL,merit,INST02
S923-25,Ritu Saxena,female,14-05-2001,2024-2025,1,539635,secondary,1,Rural,management,INST02
S924-25,Ritu Tripathi,FEMALE,12-08-2002,2024-2025,1,2711934,None,1,RURAL,merit,INST02
S925-25,Ritu Tiwari,MALE,14-05-2001,2024-2025,0,1975801,None,0,URBAN,management,INST02
S926-24,Ritu Mishra,female,14-05-2001,2023-2024,1,891959,GRADUATE,0,Rural,management,INST02
S927-24,Ritu Pandey,male,14-05-2001,2023-2024,0,103396,primary,0,URBAN,MERIT,INST01
S928-24,Ritu Yadav,male,21-11-2003,2023-2024,0,2607430,GRADUATE,0,urban,Merit,INST02
S929-24,Ritu Jain,male,21-11-2003,2023-2024,1,3875435,secondary,0,RURAL,reservation,INST01
S930-25,Ritu Kohli,male,21-11-2003,2024-2025,0,3257910,Graduate,0,urban,Management,INST01
S931-24,Mohit Sharma,male,14-05-2001,2023-2024,0,2783198,Graduate,1,rural,reservation,INST01
S932-24,Mohit Verma,female,12-08-2002,2023-2024,0,1447238,secondary,1,Urban,reservation,INST01
S933-25,Mohit Patel,male,14-05-2001,2024-2025,1,2481377,NONE,1,RURAL,RESERVATION,INST01
S934-24,Mohit Iyer,Female,14-05-2001,2023-2024,0,515043,Primary,1,urban,RESERVATION,INST01
S935-24,Mohit Reddy,Female,21-11-2003,2023-2024,0,876751,PRIMARY,0,rural,reservation,INST02
S936-25,Mohit Singh,female,14-05-2001,2024-2025,1,1816521,None,0,URBAN,MANAGEMENT,INST02
S937-24,Mohit Gupta,FEMALE,14-05-2001,2023-2024,1,4853869,Primary,0,Urban,Merit,INST02
S938-24,Mohit Mehta,FEMALE,21-11-2003,2023-2024,0,825737,none,0,rural,reservation,INST01
S939-24,Mohit Nair,male,14-05-2001,2023-2024,0,3387151,Graduate,0,URBAN,reservation,INST02
S940-25,Mohit Khan,MALE,12-08-2002,2024-2025,0,926655,GRADUATE,1,rural,reservation,INST02
S941-24,Mohit Malhotra,Male,12-08-2002,2023-2024,1,3669252,NONE,1,URBAN,MANAGEMENT,INST02
S942-24,Mohit Bansal,female,14-05-2001,2023-2024,1,2878266,PRIMARY,0,rural,management,INST01
S943-24,Mohit Chopra,male,14-05-2001,2023-2024,0,4822028,NONE,1,URBAN,merit,INST02
S944-25,Mohit Agarwal,MALE,21-11-2003,2024-2025,1,,None,0,Urban,MANAGEMENT,INST01
S945-25,Mohit Kulkarni,FEMALE,12-08-2002,2024-2025,0,,Graduate,1,rural,MERIT,INST02
S946-24,Mohit Joshi,Male,14-05-2001,2023-2024,0,,Primary,0,URBAN,Merit,INST02
S947-25,Mohit Das,Female,12-08-2002,2024-2025,0,,Secondary,1,RURAL,merit,INST01
S948-24,Mohit Roy,MALE,12-08-2002,2023-2024,0,,none,0,URBAN,reservation,INST01
S949-25,Mohit Ghosh,male,21-11-2003,2024-2025,0,,None,1,URBAN,merit,INST02
S950-24,Mohit Banerjee,male,12-08-2002,2023-2024,1,,Primary,1,Rural,Management,INST01
S951-24,Mohit Mukherjee,FEMALE,21-11-2003,2023-2024,1,,graduate,1,RURAL,merit,INST01
S952-25,Mohit Chatterjee,Female,12-08-2002,2024-2025,1,,graduate,0,Urban,MANAGEMENT,INST01
S953-25,Mohit Saxena,male,14-05-2001,2024-2025,0,,none,1,RURAL,MANAGEMENT,INST02
S954-24,Mohit Tripathi,male,12-08-2002,2023-2024,1,,None,0,rural,reservation,INST02
S955-25,Mohit Tiwari,Female,21-11-2003,2024-2025,1,,Graduate,1,RURAL,management,INST02
S956-25,Mohit Mishra,FEMALE,12-08-2002,2024-2025,0,461915,secondary,1,urban,MERIT,INST02
S957-24,Mohit Pandey,MALE,14-05-2001,2023-2024,0,3663703,graduate,0,URBAN,Merit,INST01
S958-25,Mohit Yadav,MALE,12-08-2002,2024-2025,1,847572,primary,1,urban,reservation,INST01
S959-24,Mohit Jain,female,12-08-2002,2023-2024,0,4635365,Graduate,0,rural,merit,INST01
S960-25,Mohit Kohli,Female,14-05-2001,2024-2025,0,4580645,primary,1,Urban,merit,INST02
S961-24,Shalini Sharma,Male,21-11-2003,2023-2024,1,3602361,NONE,1,urban,merit,INST02
S962-25,Shalini Verma,MALE,14-05-2001,2024-2025,0,419276,secondary,1,RURAL,RESERVATION,INST02
S963-25,Shalini Patel,Male,12-08-2002,2024-2025,0,3206755,secondary,0,RURAL,reservation,INST01
S964-25,Shalini Iyer,FEMALE,21-11-2003,2024-2025,0,4915370,none,0,rural,RESERVATION,INST01
S965-25,Shalini Reddy,Female,21-11-2003,2024-2025,1,1203092,None,0,URBAN,merit,INST01
S966-25,Shalini Singh,male,21-11-2003,2024-2025,1,1419399,graduate,0,urban,RESERVATION,INST02
S967-24,Shalini Gupta,female,14-05-2001,2023-2024,0,1438930,None,0,RURAL,Reservation,INST02
S968-25,Shalini Mehta,male,21-11-2003,2024-2025,0,598057,none,0,URBAN,MANAGEMENT,INST01
S969-24,Shalini Nair,Female,21-11-2003,2023-2024,1,2788444,primary,1,rural,Management,INST02
S970-25,Shalini Khan,female,14-05-2001,2024-2025,0,4985455,PRIMARY,1,RURAL,management,INST01
S971-24,Shalini Malhotra,MALE,12-08-2002,2023-2024,1,4030233,primary,0,urban,management,INST01
S972-24,Shalini Bansal,female,21-11-2003,2023-2024,1,257812,PRIMARY,1,rural,Reservation,INST02
S973-25,Shalini Chopra,FEMALE,21-11-2003,2024-2025,1,3493190,secondary,1,rural,management,INST02
S974-24,Shalini Agarwal,male,12-08-2002,2023-2024,1,1663024,Secondary,0,urban,MANAGEMENT,INST02
S975-25,Shalini Kulkarni,MALE,14-05-2001,2024-2025,1,2961043,primary,0,RURAL,Management,INST02
S976-25,Shalini Joshi,female,12-08-2002,2024-2025,0,3415812,PRIMARY,0,Urban,reservation,INST02
S977-24,Shalini Das,MALE,12-08-2002,2023-2024,1,101332,Graduate,0,urban,reservation,INST01
S978-25,Shalini Roy,Female,14-05-2001,2024-2025,1,3792286,NONE,0,URBAN,RESERVATION,INST02
S979-25,Shalini Ghosh,female,12-08-2002,2024-2025,1,1962400,primary,0,RURAL,Reservation,INST02
S980-25,Shalini Banerjee,FEMALE,21-11-2003,2024-2025,1,3086920,secondary,1,Rural,MERIT,INST01
S981-24,Jane Doe,Female,21-11-2003,2023-2024,0,3803477,Graduate,0,Urban,reservation,INST01
S982-24,Shalini Chatterjee,Male,21-11-2003,2023-2024,0,,none,1,urban,reservation,INST01
S983-25,Shalini Saxena,MALE,14-05-2001,2024-2025,0,,Secondary,0,Urban,reservation,INST02
S984-25,Shalini Tripathi,male,12-08-2002,2024-2025,1,,SECONDARY,1,RURAL,merit,INST02
S985-24,Shalini Tiwari,Male,21-11-2003,2023-2024,0,,SECONDARY,0,Urban,Reservation,INST02
S986-25,Shalini Mishra,Male,14-05-2001,2024-2025,0,,secondary,0,RURAL,management,INST01
S987-24,Shalini Pandey,female,21-11-2003,2023-2024,0,,primary,0,urban,Merit,INST02
S988-24,Shalini Yadav,male,21-11-2003,2023-2024,0,,PRIMARY,0,urban,MERIT,INST01
S989-24,Shalini Jain,female,14-05-2001,2023-2024,0,,graduate,0,RURAL,management,INST01
S990-25,Shalini Kohli,Male,14-05-2001,2024-2025,1,2728689,Secondary,0,urban,Reservation,INST01
S991-24,Naveen Sharma,Male,14-05-2001,2023-2024,0,80617,None,1,rural,merit,INST02
S992-25,Naveen Verma,MALE,14-05-2001,2024-2025,1,3590678,SECONDARY,0,Urban,merit,INST02
S993-25,Naveen Patel,female,12-08-2002,2024-2025,0,893655,Secondary,1,rural,Merit,INST02
S994-24,Naveen Iyer,male,12-08-2002,2023-2024,0,3308255,Graduate,1,urban,reservation,INST01
S995-25,Naveen Reddy,MALE,12-08-2002,2024-2025,0,3212962,Primary,1,Rural,Reservation,INST02
S996-24,Naveen Singh,Male,21-11-2003,2023-2024,1,2589446,Primary,1,Rural,merit,INST01
S997-24,Naveen Gupta,male,12-08-2002,2023-2024,0,4145970,SECONDARY,1,urban,merit,INST01
S998-25,Naveen Mehta,female,12-08-2002,2024-2025,0,497906,none,1,Rural,management,INST01
S999-24,Naveen Nair,female,12-08-2002,2023-2024,0,1109720,NONE,1,Urban,MANAGEMENT,INST01
S1000-25,Naveen Khan,MALE,12-08-2002,2024-2025,1,1490131,Primary,1,RURAL,Merit,INST01
